Date,Close,High,Low,Open,Volume,SMA_20,SMA_50,Daily_Return
2020-03-13,67.10294342041016,67.5736832780311,61.06302571813862,63.94538830639056,370732000,70.64275341033935,73.7333911895752,0.11980836497892788
2020-03-16,58.4703369140625,62.54280864814437,57.93683361708763,58.40756965352153,322423600,69.64406604766846,73.45612052917481,-0.1286472107827381
2020-03-17,61.041290283203125,62.1879532458274,57.55059398806874,59.74978006097213,324056000,68.84574527740479,73.2443334197998,0.04397021643503285
2020-03-18,59.547000885009766,60.35087498179023,57.24159672400037,57.8813182089224,300233600,67.91694450378418,72.99124526977539,-0.024479977262285124
2020-03-19,59.09075546264648,61.03646731467495,58.56691024737155,59.72081881991735,271857200,67.0054063796997,72.73582344055175,-0.007661937890782067
2020-03-20,55.33934020996094,60.79264444451166,55.03999854094989,59.67011594836406,401693200,65.99380474090576,72.38225364685059,-0.06348565394559813
2020-03-23,54.163700103759766,55.16069770044325,51.32479637531141,55.05930867623348,336752800,65.10290489196777,71.97415176391601,-0.021244201715103883
2020-03-24,59.59770202636719,59.79323828764549,56.56084531140466,57.05813597182242,287531200,64.60561447143554,71.67135803222656,0.10032553005421829
2020-03-25,59.26939010620117,62.34245572079971,58.97487753279941,60.53192941719469,303602000,64.0367467880249,71.33006416320801,-0.005508801665217944
2020-03-26,62.38833236694336,62.446266859922645,59.47217711965345,59.51080257065681,252087200,63.854729080200194,71.0717643737793,0.05262315429859399
2020-03-27,59.8052978515625,61.767905586340525,59.63872886548187,61.01472792774082,204216800,63.54549102783203,70.76825775146484,-0.04140252539831446
2020-03-30,61.512020111083984,61.68341820252802,60.20602640105231,60.529509863529455,167976400,63.01440296173096,70.48010124206543,0.028537977751696753
2020-03-31,61.386497497558594,63.36600556092488,60.833685075362965,61.70273919270683,197002000,62.59158420562744,70.17262397766113,-0.002040619269188526
2020-04-01,58.15652084350586,60.04188167908633,57.72682288768837,59.50596558883749,176218400,61.845285415649414,69.81095123291016,-0.05261705400574768
2020-04-02,59.12695693969727,59.18006600388776,57.18848714731951,58.01891576899804,165934000,61.26603755950928,69.46324394226075,0.01668662571481483
2020-04-03,58.2772216796875,59.31284110700112,57.68819653151743,58.61277240805976,129880000,60.6912561416626,69.0911727142334,-0.014371368052585654
2020-04-06,63.3611946105957,63.51568906281684,60.20122279835169,60.56815356854759,201820400,60.646596145629886,68.82521224975586,0.08723773687859615
2020-04-07,62.62730026245117,65.5893255452028,62.52349853876049,65.37205652922795,202887200,60.33385715484619,68.58965751647949,-0.011582710090219828
2020-04-08,64.230224609375,64.54404618126709,63.06183266990903,63.42634690897305,168895200,60.22088108062744,68.34406425476074,0.025594658243393464
2020-04-09,64.69373321533203,65.19585671097452,63.89952086210519,64.86513503536223,161834800,60.459387969970706,68.07571022033692,0.007216362838148527
2020-04-13,65.9635238647461,66.07215841536981,64.17230617831575,64.77098966919036,131022800,60.4024169921875,67.83501625061035,0.019627722598533293
2020-04-14,69.29488372802734,69.58457092501276,67.12225185179103,67.59299170512948,194994800,60.94364433288574,67.73011558532716,0.0505030609054784
2020-04-15,68.66239166259766,69.1210568119712,67.74506136385055,68.17234288135833,131154400,61.32469940185547,67.61665977478027,-0.009127543498191448
2020-04-16,69.2079849243164,69.57250664535655,68.16029439249986,69.3745539645896,157125200,61.8077486038208,67.46503425598145,0.007946027636202446
2020-04-17,68.26889038085938,69.27072055777202,66.83495334748415,68.72514642195532,215250000,62.266655349731444,67.28210334777832,-0.013569164663354893
2020-04-20,66.85186767578125,67.99853426971617,66.83255863780644,67.09810395402242,130015200,62.84228172302246,67.05272148132325,-0.020756492410713312
2020-04-21,64.78546905517578,66.92913374203486,64.07574203406564,66.69497200558625,180991600,63.37337017059326,66.80330345153808,-0.030910110554085102
2020-04-22,66.65150451660156,67.08602784822331,65.71003238672124,66.05040482183006,116862400,63.72606029510498,66.58386772155762,0.028803302478778603
2020-04-23,66.39322662353516,68.01545898341168,66.35460116650802,66.59600474763815,124814400,64.08225212097167,66.36863258361817,-0.0038750497072737033
2020-04-24,68.3099365234375,68.31959472449138,66.86875759043463,66.91704122865521,126161200,64.37833232879639,66.15508628845215,0.02886905784486915
2020-04-27,68.35823059082031,68.68895219864656,67.58091104598891,68.02750161594408,117087600,64.80597896575928,65.95375587463379,0.0007069845155871501
2020-04-28,67.25019836425781,69.00037411858965,67.15847120269908,68.81932145434843,112004800,65.09288787841797,65.72987815856933,-0.016209199930802387
2020-04-29,69.45903778076172,69.92736120107678,68.53204914375017,68.73482721743544,137280800,65.49651489257812,65.57890480041505,0.032845098902754444
2020-04-30,70.9243392944336,71.10056648651737,69.60869475205328,69.99735081766806,183064000,66.13490581512451,65.43493125915528,0.021095908617348114
2020-05-01,69.78250122070312,72.17963585405194,69.00518177066984,69.10174168301795,240616800,66.66768302917481,65.28415092468262,-0.01609938259685817
2020-05-04,70.76985931396484,70.89780288941466,69.11866006272429,69.80666159250394,133568000,67.29231491088868,65.18812065124511,0.014149078579728469
2020-05-05,71.83203887939453,72.66246767070962,71.08368641004002,71.2285300116976,147751200,67.71585712432861,65.18512748718261,0.015008925773293047
2020-05-06,72.5731201171875,73.2031795834636,72.14824768910796,72.53207828931902,142333600,68.21314811706543,65.24571968078614,0.010316862076506617
2020-05-07,73.32389068603516,73.66910326152602,72.89660917840814,73.19836352852457,115215200,68.66783142089844,65.29926261901855,0.010345022614920651
2020-05-08,75.06912231445312,75.12237513838589,73.65551062741005,73.98228898395239,133838400,69.1866008758545,65.48007133483887,0.023801677899101925
2020-05-11,76.25035858154297,76.7441494175839,74.36957144120983,74.57774424961227,145946400,69.70094261169433,65.68527732849121,0.015735314742882256
2020-05-12,75.37895965576172,77.38319101183461,75.25793117438776,76.93296121988755,162301200,70.00514640808106,65.75018089294434,-0.011428128890034861
2020-05-13,74.46882629394531,76.4779036027934,73.39409274246334,75.55808267285332,200622400,70.29546813964843,65.84269996643066,-0.012074103516057755
2020-05-14,74.92630767822266,74.98682191354754,72.98742921457588,73.70876155896555,158929200,70.58138427734374,65.8795761871338,0.006143260301586517
2020-05-15,74.48335266113281,74.52934407916516,72.66792527667609,72.70181680027588,166348400,70.89210739135743,65.95500495910645,-0.005911875692475754
2020-05-18,76.23825073242188,76.61102048338427,75.11511038710799,75.80497413426188,135178400,71.36142654418946,66.08431297302246,0.02356094360135863
2020-05-19,75.79772186279297,77.09998213452099,75.76625327530091,76.25520568719914,101729600,71.91203918457032,66.31517951965333,-0.005778318172265706
2020-05-20,77.27186584472656,77.34205706251838,76.61588599602642,76.65461600601195,111504800,72.44305725097657,66.48297523498535,0.019448394301375682
2020-05-21,76.69575500488281,77.67366726497515,76.4585365069764,77.13387754437865,102688800,72.95818367004395,66.68709541320801,-0.007455635159650642
2020-05-22,77.1895751953125,77.27187370478033,76.33269118133187,76.43435100426484,81803200,73.4021656036377,67.03241500854492,0.006438689995270863
2020-05-26,76.66671752929688,78.4845606060167,76.61104175906425,78.30544078691085,125522000,73.81758995056153,67.22369049072266,-0.006773682387714142
2020-05-27,77.00074768066406,77.14598335609439,75.78562421645006,76.52390248864035,112945200,74.30511741638183,67.59429870605469,0.00435691212734568
2020-05-28,77.03462982177734,78.29090607267398,76.4004417495467,76.67638285095582,133560800,74.68389701843262,67.91416549682617,0.00044002353397654126
2020-05-29,76.95960998535156,77.736610955793,76.60378586836536,77.2767040924692,153532400,74.98566055297852,68.262417678833,-0.0009738456146195507
2020-06-01,77.90604400634766,78.02707250180976,76.78289602270274,76.91360886615988,80791200,75.39183769226074,68.63872344970703,0.012297801680339004
2020-06-02,78.26670837402344,78.29091555107586,77.1992361328535,77.6397816394303,87642800,75.76668014526368,69.09727081298828,0.004629478653111807
2020-06-03,78.69756317138672,78.95898884323296,78.01496072344597,78.58621903033732,104491200,76.10995635986328,69.58794807434082,0.005504956146926476
2020-06-04,78.01981353759766,78.81859867793425,77.64704369151033,78.52087329742372,87560400,76.38229103088379,69.95639030456543,-0.008612079033668008
2020-06-05,80.24188995361328,80.30240419943048,78.2400813612976,78.26912701737099,137250400,76.72819099426269,70.37584030151368,0.028480924463435198
2020-06-08,80.71631622314453,80.75020774515244,79.23009024878114,79.93931540745123,95654400,77.01055068969727,70.74239997863769,0.00591245133689533
2020-06-09,83.26516723632812,83.65729831044091,80.3653297249553,80.39679831013578,147712400,77.36129112243653,71.21159736633301,0.03157789072208361
2020-06-10,85.4073715209961,85.87453965160508,83.77348714351568,84.2116096226659,166651600,77.86271171569824,71.68950439453126,0.025727496332143662
2020-06-11,81.30693817138672,84.97652287764004,81.20527837641917,84.55292316229209,201662400,78.20461730957031,72.08791320800782,-0.048010297900355714
2020-06-12,82.0089111328125,84.18742419889422,80.90029328946143,83.44189186655679,200146000,78.55874748229981,72.56496101379395,0.008633616973081626
2020-06-15,83.02311706542969,83.6742509001126,80.50330314287096,80.6654845616587,138808800,78.98573570251465,73.0428842163086,0.012367021078656837
2020-06-16,85.22340393066406,85.49451390772815,83.44186840333514,85.07332981023045,165428800,79.43499336242675,73.58180786132813,0.02650209896962008
2020-06-17,85.10481262207031,86.02704912393895,84.98378413219785,85.96653487900272,114406400,79.90034790039063,74.01668022155762,-0.0013915345213180164
2020-06-18,85.13870239257812,85.55504068464955,84.53113702208627,85.06124238777585,96820400,80.2936897277832,74.46690826416015,0.0003982121511543202
2020-06-19,84.65216827392578,86.30783714893171,83.54596609025744,85.8430918789263,264476000,80.69151039123535,74.87534713745117,-0.005714605754841284
2020-06-22,86.86698913574219,87.00980187063504,84.99830891368086,85.0443003318489,135445200,81.17538108825684,75.31881225585937,0.02616378182599499
2020-06-23,88.72115325927734,90.13718820813904,87.68998805980996,88.10874933547481,212155600,81.77810287475586,75.77396484375,0.021344864625591597
2020-06-24,87.15503692626953,89.26819705246864,86.78226710315806,88.35079901624333,192623200,82.28581733703614,76.13116790771484,-0.01765211875042938
2020-06-25,88.31207275390625,88.35080275936323,86.55232106785238,87.30996064055707,137522400,82.84968948364258,76.52416152954102,0.013275604812324593
2020-06-26,85.59860229492188,88.42824869367755,85.4509437109353,88.20797597788908,205256800,83.2816390991211,76.85197387695312,-0.030725928792837087
2020-06-29,87.57137298583984,87.6657787527797,85.02977472321102,85.50662726415537,130646000,83.7649055480957,77.23802352905274,0.023046762891302475
2020-06-30,88.30238342285156,88.58801627360432,87.14051287267962,87.15987418081895,140223200,84.26668930053711,77.66703384399415,0.008347595933318575
2020-07-01,88.13536071777344,88.92204587845694,88.08695375546539,88.37984062385425,110737200,84.73857917785645,78.1340316772461,-0.0018914858082403896
2020-07-02,88.13536071777344,89.67484690422407,88.02160103220285,89.04065881814572,114041600,85.24435653686524,78.56370880126953,0.0
2020-07-06,90.49301147460938,90.96017971455592,89.52962194946613,89.56109054157537,118655600,85.75691261291504,79.04570449829102,0.026750338770219484
2020-07-07,90.2122039794922,91.64759989931856,90.10085985246305,90.87059916943323,112424400,86.23170700073243,79.48374984741211,-0.003103084874084061
2020-07-08,92.3132781982422,92.34474679060094,91.1005702474556,91.1877146099101,117092000,86.68411254882812,79.96285079956054,0.023290354586920747
2020-07-09,92.71023559570312,93.25727928434208,91.66454778966232,93.20402645939578,125642800,87.04925575256348,80.47205154418945,0.004300111589672584
2020-07-10,92.8724365234375,92.93053523193312,91.6960429410668,92.30602397781524,90257200,87.62753067016601,80.94031951904297,0.0017495471421484776
2020-07-13,92.44398498535156,96.77922651804644,92.23097365442624,94.17469096863012,191649200,88.14928436279297,81.37071243286132,-0.004613333666311337
2020-07-14,93.97378540039062,94.16500509879576,90.89482027358297,91.82673375082923,170989200,88.69681777954102,81.85453811645507,0.016548404044692155
2020-07-15,94.6200942993164,96.09422076841606,93.4243319454073,95.8449023157505,153198000,89.16665229797363,82.33154281616211,0.006877544585142337
2020-07-16,93.45578002929688,94.31024088700048,92.85789898357274,93.49451003316076,110577600,89.58420066833496,82.76401763916016,-0.012305148062275229
2020-07-17,93.26697540283205,94.06092201052024,92.79496133182224,93.90600938284572,92186800,89.99061431884766,83.17789474487304,-0.0020202562795542667
2020-07-20,95.23247528076172,95.37044953138845,93.01039399095431,93.35411815070974,90318000,90.51962966918946,83.61606643676758,0.021073910346512514
2020-07-21,93.91810607910156,96.09661884897764,93.66878769091768,96.02158177786352,103433200,90.87218551635742,83.99304611206054,-0.013801691049037279
2020-07-22,94.18195343017578,94.86213298167614,93.5332424693202,93.62037944003524,89001600,91.14522552490234,84.35167800903321,0.002809334239044281
2020-07-23,89.8951187133789,93.99314144318696,89.08664931990235,93.91568143989768,197004400,91.28222961425782,84.64200119018555,-0.045516519467554195
2020-07-24,89.67243194580078,90.01615612762265,86.31267968652797,88.09664593771886,185438800,91.35024757385254,84.94607330322266,-0.002477184198267035
2020-07-27,91.7977066040039,91.88968945823548,90.50996880574512,90.73265713883738,121214000,91.66020278930664,85.28350128173828,0.02370042399973804
2020-07-28,90.2896728515625,91.54594911832494,90.2848269844815,91.36924487069622,103625600,91.79611778259277,85.59962768554688,-0.016427793331991958
2020-07-29,92.0203857421875,92.20435141750036,90.73506372270916,90.771370793628,90329200,91.98201789855958,85.91527038574219,0.019168447907329522
2020-07-30,93.13385009765624,93.23793283077006,90.7883172670131,91.1949712384762,158130000,92.23194236755371,86.26199295043945,0.012100192218149619
2020-07-31,102.88389587402344,103.03397001244984,97.62157236005557,99.61612680199144,374336800,92.96936912536621,86.77423355102539,0.10468852910240178
2020-08-03,105.47634887695312,108.09056179793537,104.46455228309468,104.76227769682669,308151200,93.71853599548339,87.3498454284668,0.025197850265157307
2020-08-04,106.18071746826172,107.26997389606046,104.94380243901392,105.6651349105181,173071600,94.51696166992187,87.92966827392578,0.006677976615689474
2020-08-05,106.56559753417967,106.88511455690512,105.43761099297777,105.90236369757778,121776800,95.22957763671874,88.52764587402343,0.0036247642236264532
2020-08-06,110.2835693359375,110.77736760867772,106.30899814130088,106.8971947883488,202428800,96.10824432373047,89.1933023071289,0.03488904381702862
2020-08-07,107.77619171142578,110.26174899503664,106.98081367668276,109.8058602311636,198045600,96.85343208312989,89.80813354492187,-0.022735731529271885
2020-08-10,109.34269714355467,110.35874505613272,106.69709332777636,109.21902314455248,212403600,97.69836769104003,90.45579528808594,0.01453480037894872
2020-08-11,106.0908660888672,109.10505737675729,105.83139636601508,108.60794885006548,187902400,98.30422172546386,91.01949172973633,-0.029739810153193713
2020-08-12,109.61670684814452,109.8737492325435,106.9856522603481,107.1796439994117,165598000,99.05405235290527,91.64649169921876,0.033234159445205025
2020-08-13,111.55667114257812,112.55817011651828,110.50667052619416,110.99408465160128,210082000,99.95909690856934,92.30367385864258,0.017697706400914726
2020-08-14,111.4572525024414,111.54697388434197,109.65067355223329,111.38208013380518,165565200,100.86861076354981,92.97242263793946,-0.0008911940372410276
2020-08-17,111.16624450683594,112.60180865121056,110.54061480830164,112.57755783182,119561600,101.66529922485351,93.59090972900391,-0.002610938176491384
2020-08-18,112.09258270263672,112.51694618501556,110.58427334354064,110.91891544512356,105633600,102.57402305603027,94.21843505859376,0.008332908968097907
2020-08-19,112.23323059082033,113.64454412496904,112.13866200158594,112.49997484302727,145538000,103.4765869140625,94.79779632568359,0.0012547475023991783
2020-08-20,114.72362518310548,114.8375973733061,112.2574641314498,112.27444044495672,126907200,104.71801223754883,95.38412139892579,0.022189458319743283
2020-08-21,120.63562774658205,121.1181872782855,115.6693599025852,115.6814816133098,338054800,106.26617202758788,96.17069519042968,0.05153256405592721
2020-08-24,122.07845306396484,124.91805616382936,120.21610549023625,124.83317459173284,345937600,107.78020935058593,96.97208602905273,0.01196019239369095
2020-08-25,121.0769500732422,121.42129395286676,119.35767277780953,120.95328347307442,211495600,109.31957321166992,97.73316268920898,-0.008203765411394004
2020-08-26,122.72348022460938,123.17936898693924,121.32671591454528,122.39126546065717,163022400,110.85472793579102,98.4831642150879,0.013599038878755687
2020-08-27,121.25640869140624,123.65709200762272,120.11425938434616,123.3248772148138,155552400,112.26085586547852,99.2061961364746,-0.011954285606292303
2020-08-28,121.06000518798828,122.64590698975564,120.83690796249395,122.22881796842402,187630000,113.16966133117675,99.92462219238281,-0.0016197370970947311
2020-08-31,125.16539764404295,127.06655257654673,122.21668415759454,123.74924435405828,225702700,114.15411376953125,100.73488677978516,0.03391204592862529
2020-09-01,130.1510772705078,130.75247109042868,126.61067882372832,128.77371625173845,151948100,115.35263175964356,101.60056854248047,0.0398327310926907
2020-09-02,127.4545440673828,133.8369730802814,123.186665513161,133.45868391206912,200119000,116.3970790863037,102.37523635864258,-0.020718485468395387
2020-09-03,117.25041961669922,124.97140947448622,116.88183227033254,123.09936731503696,257599600,116.7454216003418,102.97714401245118,-0.0800608917112351
2020-09-04,117.32799530029295,119.98572065509111,107.56036231574582,116.46471946533688,332607200,117.22301177978515,103.55746246337891,0.0006616239314736205
2020-09-08,109.43241119384766,115.4171459794859,109.29661549435876,110.5284785969539,231366600,117.22749748229981,104.03413864135742,-0.06729497155591124
2020-09-09,113.7973175048828,115.56266939432574,111.799173992742,113.7391214492864,176940500,117.61282005310059,104.55865753173828,0.03988677818039843
2020-09-10,110.08229064941406,116.88180696925608,109.12201895469966,116.74601127102618,182274400,117.63609924316407,104.99425567626953,-0.032645996732825755
2020-09-11,108.63704681396484,111.77006490232608,106.69709954942977,111.12987875287996,180860300,117.4901180267334,105.40428939819336,-0.013128758739695767
2020-09-14,111.89615631103516,112.44904097306566,109.41302623599448,111.275373792275,140150100,117.51206321716309,105.87950531005859,0.029999982442926232
2020-09-15,112.07073974609376,115.26195346815392,110.198690583922,114.7769667152629,184642000,117.55728797912597,106.31105987548828,0.0015602272751293889
2020-09-16,108.7631607055664,112.51696201625585,108.67586661477294,111.7700854383201,154679000,117.39081687927246,106.68207901000977,-0.029513314965360027
2020-09-17,107.02691650390624,108.8310685487523,105.44586171205238,106.42553742249994,178011000,117.13050117492676,106.97635177612305,-0.01596353204887424
2020-09-18,103.63198852539062,107.5506832359034,102.90450823656477,107.08509999522968,287104900,116.57591934204102,107.1947868347168,-0.0317203194244291
2020-09-21,106.77469635009766,106.88139403880808,100.00427732246104,101.4010416835348,195713800,115.8828727722168,107.47283203125,0.03032565397446807
2020-09-22,108.45274353027344,109.47121874863322,105.88231946545224,109.29662320835186,183055400,115.20158729553222,107.79300720214843,0.015715775717813463
2020-09-23,103.90357971191406,108.74374613747926,103.56408301527632,108.2684611226227,150718700,114.34291877746583,107.99160308837891,-0.04194604645561151
2020-09-24,104.97055053710938,106.9395958803808,101.84723417179124,102.01212791770884,167743300,113.45527229309081,108.19861221313477,0.010268855299823354
2020-09-25,108.9086456298828,109.06384497371614,104.4370662899755,105.17424837255976,149981400,112.83788414001465,108.50766952514648,0.037516189756299445
2020-09-28,111.5081787109375,111.85736984450416,109.39363569114488,111.55668035738763,137672400,112.36029281616212,108.8724935913086,0.023868932223149786
2020-09-29,110.66429901123048,111.84766814275456,110.1599159291002,111.11049343812664,99382200,111.63523788452149,109.18113006591797,-0.0075678726839814026
2020-09-30,112.3326644897461,113.73913095345404,110.20842687953864,110.3733206510487,142675200,110.7443172454834,109.54942123413086,0.01507591421463128
2020-10-01,113.2832260131836,114.18530182393523,112.35205217632898,114.10770215411938,116120400,110.03575134277344,109.93144668579102,0.008462022402435432
2020-10-02,109.6264190673828,111.90586307346008,108.8504445847348,109.50032515653432,144712000,109.65455131530761,110.3260726928711,-0.03228021547846127
2020-10-05,113.00191497802734,113.14741248595816,110.14049605673377,110.48968711564348,106243800,109.43824729919433,110.79266235351562,0.03079089821012726
2020-10-06,109.76220703125,112.6333277612592,108.87952757625553,112.22593325878675,161498200,109.45473709106446,111.15195236206054,-0.028669495976305304
2020-10-07,111.62456512451172,112.08045390652612,110.7030857522688,111.1783781507114,96849000,109.34609947204589,111.57865020751953,0.01696720705271071
2020-10-08,111.51785278320312,112.90491516312257,111.1492581226096,112.75941766027304,83477200,109.41787757873536,111.96859954833984,-0.0009559933442030433
2020-10-09,113.45780181884766,113.48689983988513,111.4693531777682,111.81854423083884,100506900,109.65891532897949,112.37507858276368,0.017395860727482892
2020-10-12,120.66472625732422,121.4213045373118,115.6984583933761,116.45503667336372,240226800,110.09734382629395,112.73069519042969,0.06352074800447394
2020-10-13,117.46380615234376,121.62499394990238,116.05734733652297,121.50859444916024,262330500,110.36699714660645,112.9704443359375,-0.02652738877602323
2020-10-14,117.55111694335938,119.33586502763562,116.028258506117,117.36681956932418,150712000,110.8063949584961,113.19785232543946,0.0007432995224279093
2020-10-15,117.08551788330078,117.56080289760202,114.602387718432,115.15527240046332,112559200,111.30932502746582,113.40825073242188,-0.003960822084599469
2020-10-16,115.44625854492188,117.90029805270328,115.2425649700268,117.63840102761569,115393800,111.90003852844238,113.51150451660156,-0.014000530279182466
2020-10-19,112.49755859375,116.8042370043639,112.18716729027952,116.3580499681446,120639300,112.186181640625,113.60593185424804,-0.02554175413163773
2020-10-20,113.98160552978516,115.40746797741105,112.15805033404632,112.71093501778782,124423700,112.46262474060059,113.69871002197266,0.013191814601011265
2020-10-21,113.36083221435548,115.14558032107824,112.95343762450592,113.16683302863848,89946000,112.93548736572265,113.84410934448242,-0.0054462587409987995
2020-10-22,112.27444458007812,114.49568501963496,111.14927164811972,113.92339674553574,101988000,113.3006820678711,113.89726409912109,-0.009583447942787648
2020-10-23,111.58577728271484,113.05043966735408,110.84859518576692,112.89524032049675,82572600,113.43453865051269,113.89784622192383,-0.006133784940455467
2020-10-26,111.595458984375,113.0504192975986,109.49061077367529,110.58668561250266,111850700,113.43890266418457,113.9006103515625,8.676465671442202e-05
2020-10-27,113.09890747070312,113.75848974001332,111.10076444910626,112.02223630461869,92276800,113.56063308715821,113.93926361083984,0.013472308819829637
2020-10-28,107.8610610961914,111.96405267029792,107.7640652164908,111.59546536731106,143937800,113.33705291748046,113.85463317871094,-0.04631208639984885
2020-10-29,111.85736083984376,113.41901900582576,108.83104039265947,108.99594153712782,146129200,113.26575965881348,113.84711578369141,0.03705043973272648
2020-10-30,105.59134674072266,108.6273620211758,104.4855772187525,107.72528610585144,190272600,113.06400604248047,113.66447021484375,-0.05601789682927283
2020-11-02,105.50404357910156,107.35669702970988,104.09758457442842,105.83383850866504,122866900,112.68911247253418,113.36183853149414,-0.0008268022363183691
2020-11-03,107.12387084960938,108.14233853823154,105.46521712787312,106.36729273797286,107624400,112.55719566345215,113.06274688720703,0.015353224535828769
2020-11-04,111.49847412109376,112.119256698551,108.97654397513467,110.71279779031768,138235500,112.55089111328125,112.87117736816407,0.04083686704736311
2020-11-05,115.4559555053711,116.02824377297978,113.3608163942021,114.408382249631,126387100,112.74779624938965,112.7258268737793,0.03549359231570537
2020-11-06,115.32481384277344,115.82034860014043,112.8373918555085,114.96530169353449,114457900,112.84114685058594,112.60719497680664,-0.001135858795881295
2020-11-09,113.0219955444336,118.53123307425452,112.75965407719043,117.08348090470506,154515300,112.45901031494141,112.44643478393554,-0.019968107657033496
2020-11-10,112.6819076538086,114.25597110360664,110.89407325748324,112.2738176789038,138023400,112.21991539001465,112.19676498413087,-0.0030090416381941543
2020-11-11,116.10211944580078,116.2381494579348,113.1385999950758,113.86733537997074,112295000,112.14746551513672,111.91578582763673,0.030352803419871677
2020-11-12,115.83003997802734,117.1126137436234,115.20818648034916,116.22841881317537,103162300,112.08469161987304,111.6832957458496,-0.0023434496206630184
2020-11-13,115.87863159179688,116.27700303551688,114.52804275815,116.05352836084144,81581900,112.1063102722168,111.65585998535157,0.0004195078735944602
2020-11-16,116.88914489746094,117.55957633149036,114.80010222486769,115.54826720324448,91183000,112.32588958740234,111.64708297729493,0.008720445623001227
2020-11-17,116.00493621826172,117.24864320805052,115.58712770640344,116.16040329852451,74271000,112.42705612182617,111.7785334777832,-0.007564506353219369
2020-11-18,114.68350982666016,116.42275908285534,114.65436159878703,115.2470669424712,76322100,112.49319000244141,111.79625732421874,-0.011391122090833372
2020-11-19,115.27620697021484,115.68429695756758,113.498091065648,114.2559745887542,74113000,112.64327812194824,111.90013565063477,0.005168111304323819
2020-11-20,114.0130615234375,115.40251710432108,113.96448361868472,115.27620565626935,73604300,112.76464233398437,112.00765594482422,-0.010957555596045165
2020-11-23,110.6220245361328,114.28513837643996,110.52486130551306,113.85761126601786,127959300,112.71597061157226,111.98217330932617,-0.029742530741599382
2020-11-24,111.90459442138672,112.56531474410036,109.39774313111327,110.68032441615657,113874200,112.65625495910645,111.97885040283204,0.011594163916562428
2020-11-25,112.74020385742188,113.43979090606146,111.90458681744444,112.27381743371453,76499200,112.90021209716797,112.05839126586915,0.007467159327601891
2020-11-27,113.2843246459961,114.15880846315034,112.92481998616722,113.26489496698316,46691300,112.97156028747558,112.18353942871094,0.004826324327587228
2020-11-30,115.67459106445312,117.54015173092948,113.4980962071516,113.65356330256418,169410200,113.47572250366211,112.42439147949219,0.021099710184320886
2020-12-01,119.24053192138672,119.969267237973,116.60736920035772,117.57901628913945,127728200,114.16254692077636,112.67370819091796,0.03082734785677066
2020-12-02,119.59033203125,119.87211059203428,117.46242241782213,118.56038101970898,89004200,114.7858699798584,112.8964599609375,0.0029335671707158006
2020-12-03,119.45428466796876,120.27046459048226,118.7449790955268,120.01783429457548,78967600,115.18366050720215,113.20747406005859,-0.0011376117196972846
2020-12-04,118.78387451171876,119.37657991827966,118.07456876821664,119.12394956144712,78260400,115.35005645751953,113.48374053955078,-0.005612273834408321
2020-12-07,120.2413101196289,121.03806032248434,118.78383969393644,118.8421361387792,86712000,115.5958812713623,113.7103938293457,0.012269641934994802
2020-12-08,120.8534698486328,121.43646406909802,119.60004413555974,120.84375871455,82225500,115.98745498657226,113.8972996520996,0.005091093305577443
2020-12-09,118.32718658447266,122.37895334699282,117.56930300737729,120.99921619827668,115089200,116.26971893310547,114.05055740356445,-0.020903688303896217
2020-12-10,119.74578094482422,120.3579233336518,116.7433951040976,117.08347009062476,81312200,116.45190200805663,114.19881973266601,0.011988744102682025
2020-12-11,118.93931579589844,119.2793907717679,117.13205173775964,118.95874547462876,86939800,116.6073657989502,114.31194152832032,-0.00673481055084002
2020-12-14,118.32718658447266,119.85267228564852,118.09399334838469,119.12393693642925,79184500,116.72979354858398,114.48595687866211,-0.005146567451894568
2020-12-15,124.25422668457033,124.27366377761383,120.61055011219938,120.81459511068267,157243700,117.09804763793946,114.71100311279297,0.05009026472429823
2020-12-16,124.18621063232422,124.73033062366706,122.9716517851633,123.79755773169585,98208600,117.50711135864258,114.99948318481445,-0.0005473942743112747
2020-12-17,125.0509796142578,125.9060338121634,124.4096889658286,125.24530607028412,94359800,118.02548484802246,115.26801147460938,0.006963486344662595
2020-12-18,123.06884002685548,125.43966160781515,122.5441496402621,125.30363159052206,192541500,118.4151165008545,115.49903121948242,-0.015850652218131978
2020-12-21,124.59430694580078,124.672040495101,119.94983486476208,121.47532055765237,121251600,118.94417877197266,115.72176132202148,0.012395232770638032
2020-12-22,128.14080810546875,130.599073771845,125.9740246713456,127.8784592702847,168904800,119.82011795043945,115.87128295898438,0.02846439172546389
2020-12-23,127.24691009521484,128.67521768491736,127.0720059084982,128.4128836440795,88223700,120.58723373413086,116.06694503784179,-0.006975904268671118
2020-12-24,128.22828674316406,129.67604646021374,127.38295839338778,127.59672197110412,54930100,121.36163787841797,116.28048843383789,0.007712380970311017
2020-12-28,132.81443786621094,133.44600251933943,129.72459253226933,130.19099379190865,124486200,122.33814353942871,116.59506683349609,0.03576551819827989
2020-12-29,131.0460662841797,134.85492191166836,130.5310944025397,134.1359124001807,121047300,123.10671730041504,116.90706298828125,-0.013314603520835577
2020-12-30,129.92864990234375,132.13429294527648,129.61771571736733,131.7359140805847,96452100,123.6411231994629,117.25568481445312,-0.008526897552290968
2020-12-31,128.92782592773438,130.91970498226274,127.98532727499882,130.27841448791915,99116600,124.10799789428711,117.55460922241211,-0.007702873656900255
2021-01-04,125.74081420898438,129.8217277473699,123.16594874194452,129.73428309485493,143301900,124.4223243713379,117.80220886230468,-0.024719347400896652
2021-01-05,127.29549407958984,128.00480720900393,124.7886425294723,125.2356067640872,97664900,124.84790534973145,118.10262985229492,0.012364162586235183
2021-01-06,123.01052856445312,127.33436285992688,122.79676500387104,124.09877604874404,155088000,124.98636627197266,118.33112487792968,-0.033661564740520955
2021-01-07,127.20803833007812,127.89791430422592,124.23480053472449,124.72062409151188,109578200,125.30409469604493,118.64337646484375,0.034123174777073384
2021-01-08,128.3059844970703,128.86954151504634,126.53757990692247,128.67520026141898,105158200,125.8030345916748,118.9475180053711,0.008631106818448364
2021-01-11,125.32301330566406,126.4792754915705,124.85662694388972,125.5270656786526,100384500,126.0818962097168,119.29675704956054,-0.023248885880879255
2021-01-12,125.14815521240234,126.0129205782068,123.26315737935116,124.85665810373771,91951100,126.392338180542,119.56257293701172,-0.001395259247678915
2021-01-13,127.17889404296876,127.72301407124304,124.84694682860504,125.10928088256377,88636800,126.8349235534668,119.99432388305664,0.016226678108996806
2021-01-14,125.2550277709961,127.28576659581172,125.10927181431389,127.09144014639318,90221800,126.88496360778808,120.38934356689452,-0.01512724486598127
2021-01-15,123.5352020263672,126.52787663913662,123.39917203606664,125.1287025525268,111598500,126.85241317749023,120.71757019042968,-0.013730592497837701
2021-01-19,124.20565032958984,125.0607045202907,123.34088500532488,124.15706500945308,90757300,126.81014671325684,120.97171371459962,0.005427184253760764
2021-01-20,128.28652954101562,128.73349360549489,124.90520273020635,125.01208447435442,104319500,127.07103118896484,121.2283251953125,0.032855825806610506
2021-01-21,132.98931884765625,135.70993338633443,129.80231790485385,130.00637029637122,120150900,127.49078178405762,121.58161529541016,0.036658481007057375
2021-01-22,135.12698364257812,135.88486727485233,131.19180950505606,132.41607964346215,114459400,127.84009056091308,122.02371505737305,0.01607395852121507
2021-01-25,138.86776733398438,140.97623923925303,132.66865562808596,139.01352325855314,157611700,128.42113342285157,122.54743225097656,0.02768346921219611
2021-01-26,139.10101318359375,140.20869037046396,137.3617564370404,139.52854031294,98390600,128.96476974487305,123.00741012573242,0.001679625546570529
2021-01-27,138.0321502685547,140.208644567784,136.42893888339475,139.36330171958025,140843800,129.22565536499025,123.45145233154297,-0.0076840771362917115
2021-01-28,133.20309448242188,137.96417406452278,132.82415271471342,135.5642045936499,142621100,129.33350677490233,123.79794158935547,-0.03498500730980014
2021-01-29,128.2185821533203,132.8630549859489,126.51819940588042,131.97885239900157,177523800,129.24800338745118,124.02453033447266,-0.03742039438700384
2021-02-01,130.3367156982422,131.54156320206033,127.2177225988055,129.95777399701672,106239800,129.31844787597657,124.31116592407227,0.016519708059078875
2021-02-02,131.16262817382812,132.44519444855226,130.7933975854858,131.8816374338767,83305400,129.58953857421875,124.64074829101563,0.006336759915740897
2021-02-03,130.14244079589844,131.9205571212181,129.82179541007085,131.91083115954507,89880900,129.73188591003418,124.9380729675293,-0.00777803397304333
2021-02-04,133.49462890625,133.5043400423377,130.7740133593302,132.435536852372,84183100,130.25609092712403,125.32770431518554,0.025757839562950746
2021-02-05,133.08102416992188,133.7232731231055,132.20524094162676,133.65516390896917,75693800,130.54974021911622,125.77688430786132,-0.0030982874720644205
2021-02-08,133.22698974609375,133.27564766652046,131.29051736028654,132.370657861184,71297200,130.7957904815674,126.20333221435547,0.001096817349297785
2021-02-09,132.3511962890625,134.17090160726997,132.19551172596402,132.94478730279516,76774200,131.1471996307373,126.59555206298828,-0.0065736939542081485
2021-02-10,131.7478790283203,133.3048434386966,130.78450562896475,132.80855342312873,73046600,131.4771858215332,126.96482315063477,-0.004558457178010733
2021-02-11,131.494873046875,132.72097244544923,130.17145780866096,132.24414858851415,64280000,131.6929847717285,127.28122879028321,-0.0019203799204307037
2021-02-12,131.7283935546875,131.88409294253404,130.09359452723146,130.7358433658653,60145100,132.0166530609131,127.53098602294922,0.0017758905910290057
2021-02-16,129.60707092285156,132.3512026514084,129.21782237561078,131.84520181246612,80576300,132.32024650573732,127.73132080078125,-0.016103761494330127
2021-02-17,127.32030487060548,128.663186614112,125.9871636227175,127.7192791347366,97918500,132.4759792327881,127.88864120483399,-0.017643837145330354
2021-02-18,126.2206802368164,126.50287241895496,123.98254952435698,125.72439023440656,96856700,132.37268676757813,128.03737731933595,-0.008636679239078293
2021-02-19,126.37635040283205,127.1937647700894,125.3351422926217,126.73640709556466,87668800,132.04203834533692,128.160078125,0.0012333174383434287
2021-02-22,122.6104736328125,126.23040308983671,122.22123254914696,124.56639727156256,103916400,131.41621284484864,128.1952182006836,-0.029798904288781847
2021-02-23,122.4742431640625,123.3013758456432,115.20519230196524,120.43073670834654,158273000,130.59653663635254,128.27815933227538,-0.0011110834557085392
2021-02-24,121.97796630859376,122.1823162213377,118.94190197736168,121.57899955251936,111039900,129.74038429260253,128.3228030395508,-0.0040520916288001585
2021-02-25,117.73526000976562,123.058113364126,117.29736837706596,121.32599812486836,148199500,128.72553977966308,128.2987219238281,-0.034782563008916356
2021-02-26,117.99797821044922,121.49139980199844,117.93958722628282,119.2921941436735,164560400,127.96528396606445,128.29213775634764,0.0022314317789062788
2021-03-01,124.35233306884766,124.48856634693102,119.4868376397081,120.42101187120409,116307900,127.77197151184082,128.29409988403322,0.0538513875811113
2021-03-02,121.754150390625,125.25730532990296,121.64710890595585,124.95564701355688,102260900,127.34284324645996,128.24545867919923,-0.020893718791622273
2021-03-03,118.7764663696289,122.32827934815644,118.56238339310272,121.45248872789318,112966300,126.72353515625,128.11996841430664,-0.024456529912473268
2021-03-04,116.8983917236328,120.27504677444026,115.4290174341431,118.47481493176636,178155000,126.06133270263672,127.99655944824218,-0.01581184138069569
2021-03-05,118.1536865234375,118.65970219404976,114.40725661331616,117.72552798386944,153766600,125.29428558349609,127.86774703979492,0.010738341060948287
2021-03-08,113.22980499267578,117.74498394850409,113.08383865170995,117.67686731260756,154376600,124.30172462463379,127.56952697753906,-0.04167353279988428
2021-03-09,117.83255767822266,118.77646492277744,115.5944343694315,115.82797605727136,129525800,123.53200302124023,127.38123992919923,0.04064965656210928
2021-03-10,116.7524185180664,118.88350022910564,116.23666982400522,118.4164168777091,111943300,122.75206413269044,127.15172256469727,-0.00916672931012752
2021-03-11,118.6791534423828,119.89552719538874,117.997987110362,119.24355264557504,103026500,122.09862785339355,126.8690168762207,0.016502741003332932
2021-03-12,117.77417755126952,117.91041082516712,115.9544870681418,117.1611278187304,88105100,121.41259307861328,126.6035791015625,-0.007625398942137207
2021-03-15,120.654541015625,120.6642740842342,117.18057793774676,118.14395127784393,92403800,120.85890045166016,126.41809692382813,0.02445666379713507
2021-03-16,122.19205474853516,123.79766976227536,121.3649219912014,122.31855495993447,115227900,120.48814964294434,126.28338150024415,0.012743107055631198
2021-03-17,121.4038314819336,122.47423888090718,119.0489262952044,120.7129320932856,111932600,120.19232597351075,126.19664184570313,-0.006450691644589224
2021-03-18,117.28760528564452,119.86631876877308,117.08325541441393,119.5743861389264,121229700,119.74567222595215,125.99648406982422,-0.033905241260047236
2021-03-19,116.76213836669922,118.163403199646,116.46048007455592,116.67456302671786,185549500,119.26496162414551,125.87151626586915,-0.0044801572823109925
2021-03-22,120.07070922851562,120.53780010933396,117.02491141702193,117.09302806379152,111912300,119.13797340393066,125.7287696838379,0.028335990656711108
2021-03-23,119.2435531616211,120.89781850320576,118.85431207414344,120.01230226774646,95467100,118.9764389038086,125.5475210571289,-0.006888907979383241
2021-03-24,116.85945892333984,119.59387224546332,116.84000020937296,119.51602254128296,88530500,118.7205135345459,125.37824996948243,-0.019993485392454602
2021-03-25,117.34600830078124,118.38723138862224,115.79878440882976,116.32425877519718,98844700,118.70105094909668,125.22220703125,0.004163542959415567
2021-03-26,117.94933319091795,118.21207408800578,115.72093550893464,117.11246742653448,94071200,118.69861869812011,125.03761581420899,0.005141418092299066
2021-03-29,118.12448120117188,119.28247132989765,117.4822397533486,118.37748900748085,80819200,118.38722610473633,124.8950048828125,0.0014849427759835443
2021-03-30,116.6745834350586,117.16113298447571,115.66255948137214,116.87893335491496,85671900,118.13324775695801,124.75779251098633,-0.012274320711250675
2021-03-31,118.8640365600586,120.19717735139928,117.89093762370798,118.37748709188328,118323800,118.13762626647949,124.6509602355957,0.018765467684044967
2021-04-01,119.6911849975586,120.8394421912494,119.19490239563412,120.33343394406754,75089100,118.27726593017579,124.47905334472657,0.006958777957049023
2021-04-05,122.5131607055664,122.76616851425374,119.75928886344587,120.53777100210417,88651200,118.49523963928223,124.26953018188476,0.023577139018762017
2021-04-06,122.8148193359375,123.71006860087718,122.26988629191436,123.09701892635115,80171300,118.97449035644532,124.02328689575195,0.0024622549008923578
2021-04-07,124.45938873291016,124.47884745021324,121.7736328714666,122.44507369286691,83466700,119.30583190917969,123.73511932373047,0.013390642968534872
2021-04-08,126.85317993164062,126.88237171232534,125.06268142419076,125.4811068462127,88844600,119.8108699798584,123.4901626586914,0.019233512417994758
2021-04-09,129.42218017578125,129.46109760648577,125.9871415439433,126.30826602843275,106686700,120.34802131652832,123.31796325683594,0.02025176070103263
2021-04-12,127.70952606201172,129.2762161435529,127.11593504109705,128.95509167174853,91420000,120.84478874206543,123.20809188842773,-0.013233080384238649
2021-04-13,130.8136749267578,131.0374983592836,128.3809277339075,128.8772176641677,91266500,121.35274543762208,123.25999374389649,0.024306322014215453
2021-04-14,128.478271484375,131.36837696548068,128.1182295730411,131.3099933958929,87222800,121.66705627441407,123.22282485961914,-0.01785289988749572
2021-04-15,130.88182067871094,131.36837019796266,130.04495491166549,130.22012045971883,89347100,122.14095573425293,123.2172087097168,0.01870782636290569
2021-04-16,130.55096435546875,131.04723949609195,129.69463249088383,130.6871976204425,84922400,122.80412368774414,123.2253791809082,-0.0025279012893194563
2021-04-19,131.212646484375,131.82570351653897,129.75299819698287,129.91842322109008,94264200,123.52664909362792,123.1797395324707,0.0050683817785106555
2021-04-20,129.5292205810547,131.88411859918818,128.2641887932471,131.38784340823202,94812300,123.99957466125488,123.10870346069336,-0.012829753445456005
2021-04-21,129.9087371826172,130.15201197134868,127.767922011443,128.79940473993418,68847100,124.53283386230468,123.04233840942383,0.0029299690051405314
2021-04-22,128.39068603515625,130.54122653689166,127.8749447465964,129.46108603950333,84566500,125.10939521789551,122.96312820434571,-0.011685520007226002
2021-04-23,130.70668029785156,131.48514771146148,128.60478264515086,128.60478264515086,78657500,125.77742881774903,122.94230422973632,0.018038646993919327
2021-04-26,131.09591674804688,131.42676689058607,129.9671181870508,131.20295824690538,66905100,126.43475799560547,122.93432510375976,0.002977938459674201
2021-04-27,130.7747802734375,131.76734545845767,130.5023137282654,131.37809693084532,66015800,127.06727294921875,122.91525283813476,-0.002449629878454318
2021-04-28,129.98655700683594,131.38782184344353,129.50000754125335,130.69691506905932,107760100,127.73287162780761,122.92284255981446,-0.006027333901486687
2021-04-29,129.88922119140625,133.38265710155315,128.88693063436986,132.79879189335512,151101000,128.284130859375,122.97422088623047,-0.0007488144749042691
2021-04-30,127.92364501953124,129.96714471255788,127.54413687308934,128.2350290853802,109839500,128.69575386047364,123.00828018188477,-0.015132711966749923
2021-05-03,128.9745330810547,130.46338819019584,128.28364111599663,128.48798358801744,75135100,129.01882247924806,123.06024383544921,0.008214963397603414
2021-05-04,124.41072082519533,127.9528084470389,123.29165535400072,127.66087574180308,137564700,129.09861755371094,123.09624877929687,-0.035385375289486154
2021-05-05,124.65399932861328,126.94077328039651,124.52749169549318,125.72439941828402,84000900,129.10834808349608,123.13984390258788,0.0019554464583464437
2021-05-06,126.24986267089844,126.25958831497178,123.71006640231248,124.44962368045476,78128300,129.07818222045898,123.22528182983399,0.012802343694389817
2021-05-07,126.92244720458984,127.94592476658238,126.21086763240989,127.5462878048144,78973300,128.9531955718994,123.40902557373047,0.005327408041976733
2021-05-10,123.64727020263672,126.26934761190338,123.6082792363769,126.1426399859002,88071200,128.75008277893068,123.52201141357422,-0.02580455289105621
2021-05-11,122.73101043701172,123.0819142652862,119.6702827504282,120.38185488141868,126142800,128.34594955444337,123.4895849609375,-0.007410270878794201
2021-05-12,119.6702880859375,121.4930768252382,119.16342036759428,120.28438654552215,112172300,127.90555038452149,123.44790771484375,-0.024938459645820754
2021-05-13,121.8147430419922,122.96495055227784,121.12267010296466,121.4345904055794,105861300,127.45219650268555,123.50867324829102,0.01791969410581462
2021-05-14,124.23211669921876,124.66100988052594,122.67251527187383,123.0624174879016,81918000,127.13625411987304,123.65534774780274,0.01984467230204845
2021-05-17,123.08191680908205,123.72525662054228,122.0096912267483,123.61803331863224,74244600,126.7297176361084,123.75391235351563,-0.009258474545044582
2021-05-18,121.69776153564452,123.78372980629568,121.62952920667055,123.36458623209384,63342900,126.3381446838379,123.923271484375,-0.011245805308545465
2021-05-19,121.54180908203124,121.76599784022277,119.75801143334375,120.05043995950336,92612000,125.9197982788086,123.99745651245117,-0.0012814734769596159
2021-05-20,124.0956573486328,124.49530918227134,121.94145662294912,122.06817912472064,76857100,125.70504684448242,124.1443212890625,0.021012096873413544
2021-05-21,122.26313018798828,124.76824225453444,122.0486835817306,124.59278661639333,79295400,125.28286933898926,124.21600082397461,-0.014767053092730187
2021-05-24,123.89095306396484,124.70974844818085,122.76024483604364,122.8284771649978,63092900,124.92262115478516,124.33833633422852,0.013314094555518574
2021-05-25,123.69601440429688,125.08016771850949,123.13065653206684,124.59278434432386,72009500,124.56868286132813,124.39916580200196,-0.00157346969126404
2021-05-26,123.64727020263672,124.17363709199464,123.22812661130168,123.75449350065962,56575900,124.25171852111816,124.42827011108399,-0.0003940644481950084
2021-05-27,122.11691284179688,124.41732784538095,121.92196544288971,123.24762857840484,94625600,123.8631031036377,124.44253173828125,-0.01237679860082519
2021-05-28,121.46382904052734,122.6237861257757,121.40534630909178,122.3995899273286,71311100,123.5401123046875,124.52605621337891,-0.005348020893024108
2021-06-01,121.14215087890624,122.18513499335712,120.81073884102746,121.92195528308666,67637100,123.14849319458008,124.61365646362304,-0.00264834530709368
2021-06-02,121.90247344970705,122.07792909380578,120.91797935921072,121.14216813753484,59278900,123.02308082580566,124.65029174804687,0.0062762842271211206
2021-06-03,120.42086029052734,121.69778300232346,120.02120840977952,121.5320769508381,76229200,122.81142387390136,124.673837890625,-0.012154086108769335
2021-06-04,122.71150970458984,122.97469686847109,120.7230150397492,120.9374616364624,75169300,122.63450622558594,124.79087890625,0.01902203163584848
2021-06-07,122.72126007080078,123.13065406520676,121.67827588309044,122.98443979955708,71057600,122.42444686889648,124.8983839416504,7.94576338798425e-05
2021-06-08,123.5400619506836,125.21664395698274,123.02344459916289,123.40359727053726,74403800,122.41908645629883,125.0101985168457,0.006672045898244772
2021-06-09,123.92022705078124,124.52457600687696,123.32562769760736,123.99820900061968,56877900,122.47854728698731,125.12611343383789,0.003077261692238764
2021-06-10,122.92596435546876,124.95345011953232,122.76025831506652,123.81298472926724,71186400,122.64133110046387,125.2511410522461,-0.00802340924460243
2021-06-11,124.13465118408205,124.22238272093318,122.91621132668672,123.33535493510138,53522400,122.75732650756837,125.35655334472656,0.00983264060567457
2021-06-14,127.18563079833984,127.24411353581664,123.86173050218788,124.59279446771669,96906500,122.90500221252441,125.50644226074219,0.024577985156887694
2021-06-15,126.3668441772461,127.30261260822044,126.12315618593904,126.65927274152148,62746300,123.06924858093262,125.58351593017578,-0.006437728978928359
2021-06-16,126.86395263671876,127.58527439037437,125.2166344350542,127.07839924257492,91815000,123.32755813598632,125.66449859619141,0.003933851974457836
2021-06-17,128.46253967285156,129.20336059736883,126.37657131032402,126.5227930118364,96721700,123.67359466552735,125.74456161499023,0.012600797964339217
2021-06-18,127.16614532470705,128.1896229684165,126.95169870686416,127.40983331102534,108953300,123.82711906433106,125.75082092285156,-0.010091613877835304
2021-06-21,128.959716796875,129.0669401319559,125.94773612079096,127.01021243070468,79663300,124.1619483947754,125.74157165527343,0.01410415852102953
2021-06-22,130.5972442626953,130.6947253937975,128.29682937988724,128.79396232556323,74783600,124.49726295471191,125.79932601928711,0.012697976596828253
2021-06-23,130.32431030273438,130.9286665216875,129.8661757752273,130.39255006678223,60214200,124.82867774963378,125.78953872680664,-0.0020898906519951632
2021-06-24,130.0416259765625,131.240566385548,129.57373445842103,131.05536118547494,68711000,125.14839553833008,125.82080581665039,-0.002169083615445322
2021-06-25,129.74923706054688,130.50954241745376,129.4568084909208,130.09040620403312,70783700,125.53001174926757,125.79815414428711,-0.0022484255623528293
2021-06-28,131.37710571289062,131.8352404555583,129.98321714903622,130.04169990366805,62111300,126.02567558288574,125.81467697143555,0.012546267625328067
2021-06-29,132.887939453125,133.04390333984907,130.95793469390316,131.39657011097157,64556100,126.61296501159669,125.84818283081054,0.011499977351732138
2021-06-30,133.5020294189453,133.9406648079474,132.43953852296474,132.73196707347742,63261400,127.1929428100586,125.92763900756836,0.004621111354028651
2021-07-01,133.80422973632812,133.8627124846623,132.33234449341114,133.1511475907012,52485800,127.86211128234864,126.00554885864258,0.0022636383783685154
2021-07-02,136.42628479003906,136.46526832234767,134.27207651002422,134.41828334809892,78852600,128.5478500366211,126.16626083374024,0.019596204536118877
2021-07-06,138.4342498779297,139.53570925876045,136.53348691022637,136.53348691022637,108181800,129.33349952697753,126.3208122253418,0.014718315396339499
2021-07-07,140.9198760986328,141.231788943126,139.05809657469072,139.91586805219617,104911600,130.202490234375,126.51729141235352,0.017955283630278762
2021-07-08,139.6234588623047,140.42274763655988,137.11833949517367,138.00536723887996,105575500,130.98765182495117,126.69426498413085,-0.009199676243120791
2021-07-09,141.44622802734375,141.97258743167365,139.04833216120844,139.1458132863032,99890800,131.9136650085449,126.92345840454101,0.01305489192068121
2021-07-12,140.85166931152344,142.62572515772004,140.36429329314447,142.51850183873523,76299700,132.749515914917,127.14270736694336,-0.004203425740737177
2021-07-13,141.962890625,143.73694652851253,140.00364432229037,140.39353920017592,100827100,133.48837890625,127.42349227905274,0.007889301695238382
2021-07-14,145.38424682617188,145.79365573228569,143.95136027537654,144.36076918149035,127050800,134.4392490386963,127.75168655395508,0.024100355988168065
2021-07-15,144.731201171875,146.2128286669575,143.37629622116938,145.47202235618528,106820300,135.3326114654541,128.15809616088868,-0.004491859802924103
2021-07-16,142.69395446777344,145.9788641734468,142.196836268165,144.71169838540143,93251400,136.0441822052002,128.51889526367188,-0.014076071279766622
2021-07-19,138.8533935546875,140.43250161447835,138.09308832622733,140.1205738932986,121434600,136.62854461669923,128.77096588134765,-0.026914671524877476
2021-07-20,142.46002197265625,143.38604842178373,139.3505750817449,139.8379511608488,96350000,137.30355987548828,129.08171737670898,0.025974362783926397
2021-07-21,141.72889709472656,142.4404765741107,140.97834896361408,141.8556195804996,74993500,137.86014251708986,129.4433499145508,-0.0051321407073068315
2021-07-22,143.09356689453125,144.45821346206498,142.1285572602189,142.25527975346566,77338200,138.49860534667968,129.85060104370118,0.009628733644152954
2021-07-23,144.80914306640625,144.9651069434816,143.2105505102186,143.82464898024415,71447400,139.2369812011719,130.35337814331055,0.01198919147175559
2021-07-26,145.22825622558594,146.0470440562457,143.97081824593766,144.5264338354404,72434100,140.01093215942382,130.82164840698243,0.002894245144365648
2021-07-27,143.06436157226562,145.44275893789174,141.87516288945258,145.35501995009983,104818600,140.59529495239258,131.19829330444335,-0.014899956176290474
2021-07-28,141.3195343017578,143.25929604709813,138.94113715127986,141.15382825419624,118931200,141.01687469482422,131.56304565429687,-0.01219610007224936
2021-07-29,141.962890625,142.84991857675627,140.92965581242072,141.03687913486968,56699500,141.43991775512694,131.96834823608398,0.004552493938088098
2021-07-30,142.17730712890625,142.63544169374407,140.47149137109437,140.73467853831747,70440600,141.85857162475585,132.38105819702147,0.0015103700901148986
2021-08-02,141.84591674804688,143.2398049839172,141.58272954059322,142.66470486730785,62880000,142.12955322265626,132.73606338500977,-0.002330824711421209
2021-08-03,143.63943481445312,144.30225894055675,141.51446802349406,142.12856645538005,64786600,142.38981246948242,133.16358947753906,0.012644128978291036
2021-08-04,143.2398223876953,144.05861060643986,142.58674024606307,143.55175020828588,56368300,142.50580978393555,133.55056686401366,-0.002782052347073183
2021-08-05,143.34701538085938,144.107320690727,142.47948676454712,143.26903344221475,46397700,142.69198760986328,133.94358688354492,0.0007483463144344338
2021-08-06,142.6636505126953,143.6105775396916,142.16578765248929,142.86866162914254,54126800,142.75285873413085,134.3239144897461,-0.004767206811724822
2021-08-09,142.61488342285156,143.21037365568,142.05845003246944,142.72226739584752,48908700,142.84101943969728,134.7338739013672,-0.0003418326228754598
2021-08-10,142.13656616210938,144.1963754257306,141.84369939131616,142.9565812036722,69023100,142.84970321655274,135.14732864379883,-0.003353908436919517
2021-08-11,142.3903045654297,143.22984760890972,142.06815276895088,142.57578725696132,48493500,142.70000610351562,135.5722917175293,0.0017851733031943873
2021-08-12,145.3482666015625,145.50446416374157,142.37081574173467,142.71249604702388,72282600,142.730859375,136.0412075805664,0.020773619700866552
2021-08-13,145.55323791503906,145.88514647193662,144.74298004086066,145.4263255685366,59375000,142.8738235473633,136.54385513305664,0.001410208172887506
2021-08-16,147.5251922607422,147.59353426907154,142.9858112009547,145.0065628373872,103296000,143.30741348266602,137.0401287841797,0.013547993668503455
2021-08-17,146.61734008789062,148.0718870042623,145.5435005089824,146.6563820290242,92229700,143.51527938842773,137.51805038452147,-0.006153878933755186
2021-08-18,142.87841796875,147.13470375005627,142.6734068529053,146.2365903149313,86326000,143.5727554321289,137.9048175048828,-0.025501227323448283
2021-08-19,143.2103271484375,144.4794059910355,141.06266328178802,141.58005455752308,86960300,143.5785934448242,138.29061950683592,0.0023230183004971927
2021-08-20,144.6649169921875,144.96754045087513,143.28845394220284,143.93275769698107,60549600,143.57138214111328,138.72539855957032,0.010157017812286062
2021-08-23,146.14877319335938,146.61735100093347,144.37205937525184,144.78206681885666,60131800,143.61740798950194,139.16568099975586,0.010257194570899353
2021-08-24,146.06089782714844,147.2714065930409,145.60207679709836,145.89494350289067,48606400,143.7672348022461,139.54318634033203,-0.0006012733756900479
2021-08-25,144.83087158203125,146.74425443123712,144.28419502392072,146.24637657624294,58991300,143.94280166625975,139.91246688842773,-0.008421324690012666
2021-08-26,144.0303497314453,145.57276688380205,144.00106455542348,144.82109417148567,48597200,144.04617462158203,140.25579483032226,-0.00552728739281616
2021-08-27,145.0651397705078,145.21156564308194,143.33723999505236,143.97177197062845,55802400,144.1905662536621,140.5878468322754,0.007184527712332356
2021-08-30,149.47763061523438,149.83883931473636,145.07491826892314,145.45564049048158,90956700,144.5721519470215,141.03407653808594,0.030417306678276468
2021-08-31,148.2183074951172,149.16523456794167,147.69114453920625,149.02856544896787,86453100,144.80109558105468,141.41924835205077,-0.00842482661073729
2021-09-01,148.8821258544922,151.293371319359,148.71617155840954,149.1945209265185,80313700,145.08321075439454,141.78494598388673,0.004478652945061334
2021-09-02,149.99502563476562,151.0395800272227,148.77476016459727,150.20979354918074,71115500,145.41561126708984,142.17836029052734,0.007475039558214824
2021-09-03,150.6295623779297,150.9517142276546,149.44833892893834,150.1023993889916,57808700,145.81390686035155,142.59011901855467,0.004230385244302415
2021-09-07,152.96273803710938,153.5191714127496,150.7174463222015,151.2836513561049,82278300,146.33129959106446,143.05438903808593,0.01548949371123931
2021-09-08,151.42030334472656,153.3043860941943,150.31717858511598,153.24581573453693,74420200,146.7954864501953,143.45525299072267,-0.010083728313026175
2021-09-09,150.40499877929688,152.39646482151565,150.28784320329777,151.79121811280663,57305700,147.19622116088868,143.8055941772461,-0.00670520757786508
2021-09-10,145.42637634277344,151.78151431271888,145.1627947987088,151.31293648668662,140893200,147.20012664794922,144.04408111572266,-0.03310144261780179
2021-09-13,145.99258422851562,147.81809686029018,145.21161123932484,147.04689552955006,102404300,147.22209396362305,144.2878482055664,0.003893433227048382
2021-09-14,144.59658813476562,147.47642687466802,143.4153793726529,146.77355269563384,109296300,147.0756637573242,144.45125427246094,-0.009562102767938563
2021-09-15,145.4849090576172,145.88515965134906,142.88818092204215,145.02608811276684,83281300,147.01904220581054,144.59226745605469,0.006143443177398122
2021-09-16,145.25062561035156,145.42635157507345,143.71798000246844,144.90896023332135,68034100,147.1376525878906,144.67888244628907,-0.0016103625371400865
2021-09-17,142.5855712890625,145.27992686740734,142.29270460935308,145.27992686740734,129868800,147.10641479492188,144.73812469482422,-0.018347971377681516
2021-09-20,139.53977966308594,141.39457695669392,137.90950701335717,140.37932278347847,123478900,146.85015792846679,144.69999572753906,-0.021361148946844377
2021-09-21,140.01809692382812,141.16027821011605,139.38356500550353,140.50620298279006,75834000,146.54362411499022,144.68332427978515,0.0034278200947217563
2021-09-22,142.3805694580078,142.9467594818777,140.28170408222925,141.01386330488788,76404300,146.3596076965332,144.69167785644532,0.016872622797215353
2021-09-23,143.3372802734375,143.58133339351843,142.17558503852095,143.16155428115266,64838200,146.28492813110353,144.65073852539064,0.006719391691377252
2021-09-24,143.4250946044922,143.96201429353556,142.09744541695585,142.19507259526048,53477900,146.25466537475586,144.62461639404296,0.0006126412534628312
2021-09-27,141.9119873046875,142.48796392317834,140.39887004950094,142.00961449990794,74150700,146.09700775146484,144.60897705078125,-0.010549808622941637
2021-09-28,138.5343017578125,141.30674132874793,138.31953384357482,139.8424227657557,108972300,145.54984130859376,144.60259521484375,-0.023801270146566633
2021-09-29,139.4324188232422,141.013878143942,138.65144592439347,139.08098176355122,74602000,145.110546875,144.54204315185547,0.00648299413238318
2021-09-30,138.13404846191406,140.9455448156453,137.9192805517919,140.2426707272125,89056700,144.5731430053711,144.47014617919922,-0.009311825558832698
2021-10-01,139.25665283203125,139.5202342750178,135.80086848455736,138.52449374270236,94639600,144.03622436523438,144.39340789794923,0.008126920065089527
2021-10-04,135.83013916015625,138.82711719595142,134.98083947383594,138.3878098725868,98322000,143.2962532043457,144.21382781982422,-0.024605744876031177
2021-10-05,137.75332641601562,138.8564511470798,136.0449547897289,136.17186716291496,80861100,142.53578262329103,144.06432922363283,0.014158766734323702
2021-10-06,138.62216186523438,138.76858776803195,135.07850605934124,136.15234566592073,83221100,141.8958755493164,143.9754852294922,0.006307183077342682
2021-10-07,139.8814697265625,140.78935501402486,139.32503639848235,139.6569450430087,61732700,141.36969909667968,143.94672393798828,0.009084462717818598
2021-10-08,139.50076293945312,140.75031377150447,139.16885425815033,140.6038878520535,58773200,141.07341842651368,143.89748138427734,-0.002721638454711517
2021-10-11,139.4128875732422,141.36531233280488,138.43667519346084,138.88573944232053,64452200,140.74443359375,143.84219299316408,-0.0006299274954437717
2021-10-12,138.14382934570312,139.8424445053315,137.68500826630617,139.82291608395988,73035900,140.4217956542969,143.7681512451172,-0.009102875993959647
2021-10-13,137.5580596923828,138.03639411972742,135.88873033671427,137.8802114942071,78762700,140.02545318603515,143.64652374267578,-0.00424028822781819
2021-10-14,140.3402862548828,140.45744186952987,138.1438084019397,138.72954178771872,69907100,139.77993621826172,143.58853302001953,0.020225834594656433
2021-10-15,141.3946075439453,141.45317790755652,140.09624319922384,140.35006796929892,67940300,139.72038803100585,143.54948486328124,0.007512606089085994
2021-10-18,143.0639190673828,143.34701408719482,139.7545598847163,140.03765490452832,85589200,139.8965950012207,143.557490234375,0.011806047998815572
2021-10-19,145.22134399414062,145.62159463310732,143.06392303976392,143.51297237963328,76378900,140.15675735473633,143.60961944580077,0.015080146977811237
2021-10-20,145.70945739746094,146.18780683574556,144.59657585778285,145.16278083703227,58418800,140.32320175170898,143.6810772705078,0.0033611684749317305
2021-10-21,145.9241943359375,146.08039186170322,144.35249211048287,145.2701339545865,61421000,140.452547454834,143.75175506591796,0.0014737337048122967
2021-10-22,145.1530303955078,146.6075774008754,145.1042167942401,146.12924283758312,58883400,140.53894424438477,143.74785034179686,-0.005284688697025586
2021-10-25,145.1042022705078,145.8168331110648,144.10846150842693,145.14324421012236,50720600,140.69855499267578,143.73886962890626,-0.00033639066898538683
2021-10-26,145.76805114746094,147.25188335627817,145.46541277347194,145.77780790953028,60893400,141.06024246215821,143.70372680664062,0.004574980369731474
2021-10-27,145.30923461914062,146.1682914783705,144.95779752805828,145.80709762491546,56094900,141.3540832519531,143.67756469726564,-0.0031475794915867272
2021-10-28,148.9407196044922,149.52643805425132,146.1585085567286,146.256135746264,100077900,141.89441680908203,143.79881072998046,0.024991426008607043
2021-10-29,146.2366180419922,146.373287179863,142.92725865743117,143.7179883048137,124953200,142.24341506958007,143.85933654785157,-0.018155555912987786
2021-11-01,145.4165802001953,146.13896771640327,144.2841704394488,145.44586537540286,74588300,142.72273712158204,143.8743698120117,-0.005607609453614382
2021-11-02,146.45138549804688,147.96451766703325,145.11396440756303,145.12373606469237,69122000,143.1576400756836,143.88042205810547,0.007116143815422804
2021-11-03,147.88641357421875,148.35499132920407,146.25614074482093,146.81257403590004,54511500,143.6208526611328,143.91693237304688,0.009798665074363555
2021-11-04,147.3690643310547,148.80408318474133,147.05666914125726,147.97431139150908,60394600,143.99523239135743,143.96769622802734,-0.0034982878457893163
2021-11-05,147.89694213867188,148.79636649786093,146.70422366033108,148.49330137784227,65463900,144.41504135131837,144.0450280761719,0.0035820123444045837
2021-11-08,147.07574462890625,148.18047945260236,146.80200740282297,148.02405391839477,55020900,144.79818420410157,144.08524017333986,-0.005552498232151759
2021-11-09,147.43743896484375,148.0435691533501,146.70421118808,146.84107977637362,56787900,145.2628646850586,144.04443634033203,0.002459238515841733
2021-11-10,144.61209106445312,146.77267581374304,144.54366421842147,146.6651351263565,65187100,145.6155662536621,143.97231201171874,-0.01916302887670429
2021-11-11,144.5631866455078,146.0882980655143,144.37743321812488,145.62882237351127,41000000,145.82671127319335,143.88593322753906,-0.00033817655622947473
2021-11-12,146.6357879638672,147.03660782102534,144.18190939663026,145.11066161989166,63804000,146.08877029418946,143.8187484741211,0.014336992469885956
2021-11-15,146.64556884765625,148.483531417499,146.08830852560698,147.00728981052836,59222800,146.26785278320312,143.73906860351562,6.670188720558912e-05
2021-11-16,147.62318420410156,148.1022316953491,146.00030323462437,146.58689139053743,59256200,146.38794479370117,143.63227752685546,0.006666518218909845
2021-11-17,150.0575408935547,151.53376771191043,147.61344786594324,147.62321886773208,88807000,146.60534896850587,143.60502227783203,0.016490341287364485
2021-11-18,154.33953857421875,155.12165110785514,149.62733629184328,150.27258025090998,137827700,147.02611618041993,143.68371307373047,0.02853570473810141
2021-11-19,156.95965576171875,157.41914644005507,153.02955003283444,154.12449892543512,117305600,147.61644744873047,143.91437866210939,0.016976318652397904
2021-11-22,157.4191436767578,161.99447854129045,157.3995867561447,158.06437288139423,117467900,148.23219451904296,144.14290985107422,0.002927426878003736
2021-11-23,157.80043029785156,158.18170822428823,155.50297681960475,157.5169071447605,96041900,148.8338134765625,144.40698669433593,0.0024221108830109195
2021-11-24,158.31854248046875,158.5140669022848,156.0699743356913,157.1551520319611,69463600,149.4842788696289,144.66365936279297,0.0032833382116843612
2021-11-26,153.3032684326172,156.8618668141861,152.8633347292546,156.001556326016,76959800,149.70240631103516,144.82471221923828,-0.03167837430331499
2021-11-29,156.6566162109375,157.58536872105077,155.23903010240633,155.80606156230635,88748200,150.22340621948243,145.10613311767577,0.021873948367866936
2021-11-30,161.60340881347656,161.8184901598309,156.34371666317804,156.41215841772612,174048100,151.0327476501465,145.54740570068358,0.03157729767300865
2021-12-01,161.0852813720703,166.49161375206606,160.8506430799377,163.73466976035556,152052500,151.76444244384766,145.96874938964845,-0.003206166535783095
2021-12-02,160.09783935546875,160.52800204808736,154.27113083970096,155.19011206164845,136739200,152.37501373291016,146.32309478759765,-0.006129933214200967
2021-12-03,158.2207489013672,161.27098610748033,156.14816349171144,160.3520050545032,118023100,152.91759796142577,146.62076416015626,-0.011724645764480401
2021-12-06,161.6229705810547,164.12571914002814,160.6062196554979,160.61599065605895,107497000,153.60389938354493,146.9847216796875,0.021503005789767826
2021-12-07,167.35194396972656,167.74300783586125,164.57545764919558,165.29891461337388,120405400,154.61770935058593,147.4935208129883,0.03544652946345139
2021-12-08,171.16470336914062,172.02502878126478,166.88264814477856,168.2806769394803,116998900,155.80407257080077,148.14612884521483,0.022782880849617104
2021-12-09,170.6563262939453,172.79735388590385,170.03063915946248,170.9985052389604,108923700,157.10628433227538,148.7706069946289,-0.002970104613793656
2021-12-10,175.4369659423828,175.61294836881706,170.78341894665584,171.29179439045112,115402700,158.64997329711915,149.51666534423828,0.028013257710722828
2021-12-13,171.80995178222656,178.05705234389498,171.60464142456377,177.06962931153166,153237000,159.9086814880371,150.16773132324218,-0.020674172861308127
2021-12-14,170.43145751953125,173.76520322122326,168.35887188331523,171.3308817563336,139380400,161.09797592163085,150.8597576904297,-0.008023366797998976
2021-12-15,175.2903594970703,175.48588396086842,168.4566698432585,171.19405708911282,131063300,162.4813346862793,151.61049835205077,0.028509419846874495
2021-12-16,168.4077911376953,177.08921488839127,166.93156422700537,175.27080896540932,150185800,163.39884719848632,152.2062109375,-0.03926381564349535
2021-12-17,167.3127899169922,169.59068583995457,165.89521929851176,166.12984262332955,195432700,164.047509765625,152.7548373413086,-0.006502081722619457
2021-12-20,165.95388793945312,166.76532847471316,163.71510567618958,164.51676029378936,107499100,164.49722137451172,153.2838998413086,-0.008121925276682318
2021-12-21,169.1214599609375,169.3267554134747,165.33799395674112,167.72343104614094,91185900,165.08233718872071,153.8780712890625,0.019087061236191305
2021-12-22,171.712158203125,171.92723953166936,168.30019977990446,169.17029609354066,92135300,165.77792358398438,154.54943786621095,0.015318565974926424
2021-12-23,172.33786010742188,172.89512039322665,171.35045204505695,171.9174833311616,68356600,166.47888946533203,155.2450338745117,0.0036438998312322557
2021-12-27,176.29727172851562,176.38525547317582,173.11018066452525,173.1297226627458,74919600,167.62858963012695,155.96417358398438,0.022974705724126743
2021-12-28,175.280517578125,177.27490525734726,174.5375188860444,176.13107184612667,79144300,168.55978469848634,156.64189178466796,-0.005767271044082589
2021-12-29,175.36859130859375,176.59063798697883,174.15631563331343,175.31970645794595,62348900,169.2480438232422,157.2879852294922,0.0005024730168856628
2021-12-30,174.2149200439453,176.53193000592643,174.10737937130014,175.45652327947462,59773000,169.90452575683594,157.86785675048827,-0.006578551244779796
2021-12-31,173.59902954101562,175.2218958133562,173.29594950484335,174.1073900997929,64062300,170.57958526611327,158.42564819335936,-0.00353523396718447
2022-01-03,177.939697265625,178.7902515625947,173.73587028238754,173.85318194367048,104487900,171.56553268432617,159.06595825195313,0.025003986117237087
2022-01-04,175.68138122558594,178.84893075193062,175.1143499260673,178.54586564233023,99310400,172.26845321655273,159.67652526855468,-0.012691468372388437
2022-01-05,171.00828552246094,176.14088047095728,170.7345483186125,175.5934060632604,94537600,172.45127029418944,160.19460693359375,-0.026599834715122395
2022-01-06,168.15359497070312,171.37980064842037,167.80164498917833,168.83793801323478,96904000,172.30071487426758,160.6423178100586,-0.01669328794821967
2022-01-07,168.3197479248047,170.24569386432273,167.20524242477114,169.02364770562122,86709100,172.18388595581055,161.10252807617186,0.000988102300938154
2022-01-10,168.33934020996094,168.64240533418686,164.40923476090865,165.29888813158135,106765600,171.82900466918946,161.49050048828124,0.00011639920685357907
2022-01-11,171.16470336914062,171.26245812752686,166.99997473942338,168.46643037323963,76138300,171.79674224853517,161.9890621948242,0.016783736681251993
2022-01-12,171.60462951660156,173.21772467571947,170.91051556767007,172.1814317936139,74805200,171.85540084838868,162.51282318115236,0.002570191977677716
2022-01-13,168.33934020996094,172.6702655459411,167.94827640647682,171.84905393496263,84505800,171.5078498840332,162.95058227539062,-0.019027979115940674
2022-01-14,169.19967651367188,169.8937905683483,167.2639441267619,167.508353425533,80440800,171.54744415283204,163.3768475341797,0.005110726361633011
2022-01-18,166.00279235839844,168.68150862321704,165.62151446360372,167.6745435442064,90956700,171.48194427490233,163.74952209472656,-0.018894150515796793
2022-01-19,162.51260375976562,167.25414945182573,162.22909557704548,166.19829964047344,94815000,171.30988006591798,164.04183532714845,-0.02102487885322757
2022-01-20,160.83108520507812,165.88546757565922,160.50846314939517,163.24585020445963,91420500,170.895361328125,164.31694213867186,-0.01034700396021715
2022-01-21,158.7780303955078,162.61036568511253,158.67048972769118,160.74307541554964,122848900,170.24865493774413,164.54375396728517,-0.012765286057433656
2022-01-24,158.00570678710938,158.67050778679211,151.24045969712583,156.44149634340394,162294600,169.53204727172852,164.81162628173828,-0.004864171740099232
2022-01-25,156.2068634033203,159.1202179477596,153.50859022634555,155.42475069595457,115798400,168.52752685546875,165.04449981689453,-0.01138467350557626
2022-01-26,156.1188507080078,160.713741500623,154.2906743409117,159.84364519078215,108275300,167.5694435119629,165.23416107177735,-0.0005634368003745172
2022-01-27,155.65939331054688,160.17607231774176,154.74041197266266,158.81715723147198,121954600,166.58398361206054,165.41443756103516,-0.0029429975648506135
2022-01-28,166.5209197998047,166.5404767176366,159.1593140383979,162.0042414218655,179935700,166.19928359985352,165.79239227294923,0.06977752038123786
2022-01-31,170.8714141845703,171.0864955438015,165.71926239899202,166.35473547583268,115541600,166.06290283203126,166.20866973876954,0.02612581284078841
2022-02-01,170.7052459716797,170.93009836904957,168.45667724529795,170.1186576369502,86213900,165.701180267334,166.53598388671875,-0.0009724752012125748
2022-02-02,171.90769958496094,171.94681342176997,169.45383589849953,170.84207875406224,84914300,165.51249618530272,166.8349447631836,0.007044034332024829
2022-02-03,169.033447265625,172.29876649074853,168.27089152715303,170.57811566132818,89418100,165.41375427246095,167.06723083496092,-0.016719741618759887
2022-02-04,168.74960327148438,170.423499411506,167.07570713146276,168.05458991972742,82465400,165.4435546875,167.2862142944336,-0.0016792179224421888
2022-02-07,168.03501892089844,170.27665387927516,167.3400055860888,169.20967525085985,77251200,165.4293182373047,167.4805438232422,-0.004234583884836218
2022-02-08,171.13804626464844,171.64706939744136,167.80983647215697,168.1035042386361,74829200,165.56925354003906,167.83723937988282,0.018466551577625223
2022-02-09,172.5574188232422,172.9196005956565,171.20655609241282,172.33228001362485,71285000,165.63888931274414,168.1552554321289,0.008293728890645502
2022-02-10,168.48526000976562,171.77430598076174,167.92730472233933,170.46260694632986,90865900,165.48292083740233,168.2928924560547,-0.023598862577145052
2022-02-11,165.07875061035156,169.4249914689082,164.4914151129285,168.69082956541044,98670700,165.31989135742188,168.37276184082032,-0.020218441656063124
2022-02-14,165.31370544433594,165.99892030677,163.04269054419584,163.83558309476695,86185500,165.12559280395507,168.47707916259765,0.0014232893883414643
2022-02-15,169.1411590576172,169.29778389652108,166.65480322042677,167.3596000589275,62527400,165.28251113891602,168.69548736572267,0.02315266966519003
2022-02-16,168.9062042236328,169.67951494494773,166.45899759893967,168.2209893560315,61177400,165.60219116210936,168.84115203857422,-0.0013891050250184334
2022-02-17,165.31370544433594,168.27971865617212,164.91235997613748,167.4182971510757,69589300,165.82632217407226,168.8003872680664,-0.021269193726835445
2022-02-18,163.76707458496094,166.93864489391834,162.68051421778296,166.23386310925557,82772700,166.0757743835449,168.65243469238283,-0.009355732818509543
2022-02-22,160.8500213623047,163.16996871038384,158.7258326412145,161.49607262837773,91162800,166.21799011230468,168.45630859375,-0.017812208162410026
2022-02-23,156.68972778320312,162.64132019491717,156.37647821597528,162.0442012768804,90009200,166.24213333129882,168.0813638305664,-0.025864426649535588
2022-02-24,159.30335998535156,159.4110376690062,148.79015546543386,149.35790916683425,141147500,166.401358795166,167.8312319946289,0.016680303419536635
2022-02-25,161.3688201904297,161.6331077669388,157.47285626304333,160.38013909716133,91974200,166.68683013916015,167.64997924804686,0.012965578411328282
2022-02-28,161.63308715820312,161.92675492011216,158.99989062280463,159.61659142915732,95056600,166.44243850708008,167.37683380126953,0.0016376581762298503
2022-03-01,159.753662109375,163.08187242749526,158.54964050687724,161.2219862371019,83474400,165.8865509033203,167.2037512207031,-0.011627724755319369
2022-03-02,163.04269409179688,163.82580321014547,159.50892707803538,160.91852050375005,79724800,165.50342330932617,167.11834930419923,0.02058814764552963
2022-03-03,162.71966552734375,165.34307890598984,162.0540324670775,164.91236813214016,76678400,165.0440216064453,167.05366485595704,-0.0019812513909470697
2022-03-04,159.72425842285156,162.05400359179123,158.67686189722227,161.01639051416453,83737200,164.57856216430665,166.86572082519533,-0.01840839025070906
2022-03-07,155.93601989746094,161.5352302369313,155.68150083148916,159.91028134097652,96418800,163.93788299560546,166.55019805908202,-0.023717364931266083
2022-03-08,154.11529541015625,159.44041971330986,152.50992837199067,155.4661583222758,131148300,163.24189682006835,166.1857467651367,-0.011676099521470085
2022-03-09,159.5089111328125,159.959203685233,156.04367342146804,158.06995256595388,91454900,162.66044006347656,165.84997955322265,0.034997277254680714
2022-03-10,155.17245483398438,157.00296029096637,152.6860849715575,156.81697023000987,105342000,161.79119186401368,165.44781829833985,-0.027186294909990583
2022-03-11,151.46250915527344,155.91642822664025,151.2373703266691,155.57381332247203,96970100,160.94005432128907,164.96969665527342,-0.023908532494894996
2022-03-14,147.43931579589844,150.86540543880508,146.93030751756515,148.25179027503273,108732100,160.0580825805664,164.4341845703125,-0.026562304967829187
2022-03-15,151.8148956298828,152.28477002224423,147.2043670461277,147.71337523300835,92964300,159.38314208984374,163.99850189208985,0.02967715775378066
2022-03-16,156.21990966796875,156.62125521924412,151.1982508293672,153.73355381345266,102300200,158.73707962036133,163.56410614013672,0.02901569058694431
2022-03-17,157.2281494140625,157.6001296550613,154.3012994227279,155.26060037752023,75615400,158.1531768798828,163.19504150390625,0.006453977269841316
2022-03-18,160.51718139648438,161.00662274780382,156.38629519642316,157.1204572234023,123511700,157.91335067749023,162.98521942138672,0.020918849421550867
2022-03-21,161.8876190185547,162.83713639325782,159.56765695852218,160.05709828830467,95811400,157.81937789916992,162.85989990234376,0.008537638215097232
2022-03-22,165.25497436523438,165.84229498697945,161.42753966012307,162.01486028186812,81532000,158.0396255493164,162.79860443115234,0.020800573676321266
2022-03-23,166.61561584472656,168.9942934206818,164.1096638130363,164.4424952526729,98062700,158.5359199523926,162.76412994384765,0.008233588639123157
2022-03-24,170.3940887451172,170.46260275503545,166.6156015912022,167.44764277770662,90131400,159.09045639038087,162.7487176513672,0.02267778371933571
2022-03-25,171.03038024902344,171.57855215101324,169.1019802060181,170.20812239603873,80546200,159.57353439331055,162.73723266601561,0.003734234612199794
2022-03-28,171.8917999267578,172.0190445148475,168.36781639958284,168.53422465828777,90371900,160.0864700317383,162.80828186035157,0.005036647152863338
2022-03-29,175.1808319091797,175.22976408859992,172.61614940998814,172.95876428530602,100589400,160.85782852172852,162.9279049682617,0.019134315795304557
2022-03-30,174.01597595214844,175.81711647524634,172.96856432856262,174.77950323773482,92633200,161.4064926147461,163.08816864013673,-0.0066494487115756895
2022-03-31,170.92271423339844,174.27049138056103,170.7171422878286,174.0845012718467,103049300,161.81664505004883,163.25637084960937,-0.017775734106163843
2022-04-01,170.6290283203125,171.18699858724577,168.30908127405286,170.35494237968112,78751300,162.36188354492188,163.45232971191408,-0.0017182380610040182
2022-04-04,174.6718292236328,174.72077634534207,170.75629847192283,170.88355800105404,76468400,163.29867401123047,163.77020568847655,0.02369351184331303
2022-04-05,171.36317443847656,174.53475923368862,170.7366902126206,173.75165021722813,73401800,164.16106796264648,164.0373550415039,-0.018942120202566692
2022-04-06,168.20138549804688,169.9633770244397,166.53728819844997,168.72019203962893,89058800,164.5956916809082,164.27724548339845,-0.01845080747827088
2022-04-07,168.5048828125,169.69912101079552,166.2632477962957,167.5455818608837,77594700,165.26231307983397,164.52496612548828,0.0018043686950286464
2022-04-08,166.4981689453125,168.15248323813117,165.6269638660641,168.15248323813117,76575500,166.01409606933595,164.74174163818358,-0.011908936012379079
2022-04-11,162.2498016357422,165.4605355802755,162.00508096962494,165.14730089465874,72246700,166.75462036132814,164.65631927490233,-0.02551600018475708
2022-04-12,164.1194610595703,166.28278325109693,163.1209966207163,164.47185939466212,79265200,167.3698486328125,164.52128021240233,0.011523338734340083
2022-04-13,166.8016357421875,167.42812018403677,163.2483010667056,163.85520366883756,70618900,167.89893493652343,164.4432080078125,0.01634281922022418
2022-04-14,161.7994842529297,167.653212444084,161.55476362429968,167.0169298477089,75329400,168.12750167846679,164.24104370117186,-0.0299886237146334
2022-04-18,161.5841827392578,163.08187215208477,160.1158586140106,160.45845861462905,69023900,168.18085174560548,164.09205841064454,-0.0013306687265782768
2022-04-19,163.86497497558594,164.27611889634176,160.44868355818875,161.5352440651779,67723800,168.27971954345702,163.99436584472656,0.014115194926031638
2022-04-20,163.69854736328125,165.31371275678185,162.59242008519655,165.19623667762264,67929800,168.20189819335937,163.9076364135742,-0.0010156387130897393
2022-04-21,162.9056396484375,167.90773030576432,162.40641490220864,165.34306268686478,87227800,168.01639938354492,163.74298828125,-0.0048437064813050545
2022-04-22,158.37339782714844,164.32500539707067,158.08952846576778,162.9447923826861,84882400,167.41536483764648,163.4593078613281,-0.02782127022164471
2022-04-25,159.44041442871094,159.7242838315626,155.11375480994548,157.71757136622622,96046400,166.83586654663085,163.27841094970702,0.006737347409361494
2022-04-26,153.4888153076172,158.91181906878418,153.4105028966986,158.82372320771267,95623200,165.91571731567382,163.04661224365233,-0.03732804598143358
2022-04-27,153.263671875,156.41566043489684,152.09879906936447,152.61760570667977,88063200,164.81985931396486,162.80561157226563,-0.0014668393404819735
2022-04-28,160.1843719482422,161.04579354437072,155.57382764277364,155.88707729102595,130216800,164.12827911376954,162.62647583007814,0.04515551525404282
2022-04-29,154.32083129882812,162.69028026576655,153.9292842451666,158.42235165998022,131747600,163.298184967041,162.33476837158204,-0.036604948273659677
2022-05-02,154.62429809570312,154.88858563658798,150.0333364297974,153.40069487713816,123055300,162.49794845581056,162.12098022460938,0.001966466836141878
2022-05-03,156.11221313476562,157.31624964341847,153.01895506893698,154.81029731534235,88966500,161.5699676513672,161.96788299560546,0.009622776351369877
2022-05-04,162.51409912109375,162.964376768375,155.8968429541357,156.29818841895514,108256500,161.12751388549805,162.00116455078125,0.04100823284595689
2022-05-05,153.45941162109375,160.61504020896953,151.6778383257631,160.38990141926735,130525300,160.3904151916504,161.93655822753905,-0.05571631968530377
2022-05-06,154.18487548828125,156.3023722983105,151.14587460582203,152.93986371222095,116124600,159.67441482543944,161.83418853759767,0.00472739898794039
2022-05-09,149.0675811767578,152.7633948486293,148.50880608897836,151.8810971374127,131577900,158.80288543701172,161.58816375732422,-0.033189340363752984
2022-05-10,151.46937561035156,153.65550196924158,149.92046680625165,152.45950928453797,115366700,158.26386413574218,161.38488952636717,0.016112117836981632
2022-05-11,143.61700439453125,152.39087300235883,142.9405806152843,150.47925033829725,142689800,157.23874130249024,161.06215637207032,-0.051841312372081116
2022-05-12,139.7545623779297,143.32293029647687,136.0685607235715,139.96043637411066,182602000,155.88638763427736,160.59639373779297,-0.026894043869561735
2022-05-13,144.21499633789062,145.18551933414366,140.29371306035543,141.74458368466105,113990900,155.00716323852538,160.2263003540039,0.03191619567952886
2022-05-16,142.67588806152344,144.61693408926746,141.34265112461745,142.68570084334092,86643800,154.06174850463867,159.88533294677734,-0.010672317827205124
2022-05-17,146.30307006835938,146.82263885480765,143.79343645262884,145.93054340694096,78336300,153.18365325927735,159.6926739501953,0.025422529735871446
2022-05-18,138.04881286621094,144.4601057389983,137.1469043666091,143.960147405131,109742900,151.90116653442382,159.3713442993164,-0.05641889263357003
2022-05-19,134.6470947265625,138.87227582415818,133.91185397987616,137.1273056487035,136095600,150.48823928833008,158.8741079711914,-0.024641415373453324
2022-05-20,134.88235473632812,137.93115346240322,130.00036063657,136.3528361484188,137426100,149.31368713378907,158.4683059692383,0.0017472342068975966
2022-05-23,140.29368591308594,140.44072802413697,134.9411286932433,135.07837298305947,117726300,148.35635070800782,158.24492950439452,0.04011889611014019
2022-05-24,137.59783935546875,139.17615657107172,134.62746828487894,138.03898075989613,104132700,147.5618019104004,158.04809997558593,-0.01921573690270928
2022-05-25,137.75469970703125,138.99969650386015,135.61759232548434,135.7058176181396,92482700,146.78635330200194,157.76689605712892,0.001139991385745942
2022-05-26,140.9505615234375,141.4995389264538,134.44123025043575,134.68631051667606,90601500,145.8246627807617,157.4615090942383,0.023199657240029037
2022-05-27,146.69520568847656,146.73441193920726,142.4013957458045,142.5288422380691,90978500,145.44338150024413,157.25085021972657,0.040756447529893824
2022-05-31,145.91094970703125,147.69514080945274,143.9503080341332,146.1364342695409,103718400,145.00771408081056,156.9587255859375,-0.0053461595950911045
2022-06-01,145.7834930419922,148.7538634677618,144.77374899266687,146.9500620711425,74286600,144.49127807617188,156.63664306640624,-0.0008735236477794839
2022-06-02,148.23435974121094,148.29317661370146,143.9699569834941,144.92086964479174,72348100,143.77729110717775,156.29623077392577,0.01681168867666516
2022-06-03,142.51904296875,145.05807025566116,141.61714962601158,144.00911981753086,88570300,143.23027267456055,155.81429931640625,-0.03855595141665402
2022-06-06,143.26409912109375,145.64628674294468,142.04849579123675,144.13658414441952,71598400,142.68423385620116,155.27169952392578,0.00522776561520355
2022-06-07,145.7834930419922,146.06777945381725,141.26421416659088,141.5092943334597,67808200,142.5200294494629,154.76676177978516,0.017585661281190434
2022-06-08,145.04824829101562,146.9206493425614,144.55808797164124,145.65604230031803,53950200,142.1989730834961,154.2298907470703,-0.005043401935531766
2022-06-09,139.83299255371094,145.0384948829892,139.72515664096548,144.18562036487367,69473000,142.00977249145507,153.52293395996094,-0.03595531692903409
2022-06-10,134.43145751953125,137.99001347783712,134.36282785208675,137.51946346720038,91437900,141.74361724853514,152.73124359130858,-0.03862847340626652
2022-06-13,129.28472900390625,132.53938671229503,128.85338540144875,130.25523715092532,122207100,140.99710388183593,151.89848388671874,-0.03828514999829746
2022-06-14,130.1473846435547,131.25515193955982,128.8925752102517,130.51011351307002,84784300,140.3706787109375,151.0888510131836,0.006672525411894448
2022-06-15,132.7648468017578,134.63726323315953,129.5592083618082,131.64728162043858,91533000,139.69376754760742,150.25071136474608,0.020111523296236777
2022-06-16,127.5005340576172,129.7846835531672,126.50060254968962,129.4807864670593,108123900,139.16635360717774,149.3734585571289,-0.03965140525489541
2022-06-17,128.97100830078125,130.4611001773296,127.2554468176956,127.51033981148552,134520300,138.88254928588867,148.5888510131836,0.011533083010456524
2022-06-21,133.19619750976562,134.36278178825876,130.69639115129178,130.79441426737327,81000500,138.79824142456056,147.88267730712892,0.032760767436434524
2022-06-22,132.6864471435547,135.04900927487205,131.2747825760473,132.13745484401576,73409200,138.417879486084,147.20644287109374,-0.003827063953335208
2022-06-23,135.54893493652344,135.8626297533086,132.96088912439794,134.1274730436884,72433800,138.31543426513673,146.67242553710938,0.021573324590353993
2022-06-24,138.87228393554688,139.1173641987572,137.01947774401722,137.14690930909833,89116800,138.3713134765625,146.1674819946289,0.024517706469473488
2022-06-27,138.87228393554688,140.666273257268,138.1958600157244,139.8918112487565,70207900,138.26739959716798,145.60889495849608,0.0
2022-06-28,134.73532104492188,140.59763645444562,134.61768731128618,139.33302894232776,67083400,137.66940536499024,145.06761169433594,-0.029789694339188988
2022-06-29,136.49008178710938,137.90174634957765,133.98046254650382,134.75492447437682,66242400,137.19836196899413,144.56572967529297,0.013023761910230247
2022-06-30,134.0294647216797,135.64698810352084,131.1375212724895,134.5490335635321,98964500,136.61066055297852,143.96901947021485,-0.01802780856463726
2022-07-01,136.1959991455078,136.30383506160413,132.99036001507756,133.36287185008192,71051600,136.00874252319335,143.41896850585937,0.016164612970193337
2022-07-05,138.7742462158203,138.82326526029516,134.23535494237336,135.05883599741875,73353800,135.82150268554688,142.93634063720702,0.018930417093661944
2022-07-06,140.10743713378906,141.28381901974345,138.30365057809186,138.56834136394644,74064300,135.66366958618164,142.57102142333986,0.009606904410025763
2022-07-07,143.46995544433594,143.66601661315485,140.46036340026106,140.4701612232241,66253700,135.54799270629883,142.25161224365235,0.023999570467740483
2022-07-08,144.14639282226562,144.64636610420064,142.1465445700594,142.40142264422445,64547800,135.50289993286134,142.0647637939453,0.004714836467570649
2022-07-11,142.01907348632812,143.7542455393016,140.95052737444695,142.8033331399919,63141600,135.6122039794922,141.83987182617187,-0.01475804766450528
2022-07-12,142.9895782470703,145.5286052761855,142.19552087150592,142.89154019342988,77588800,136.04011001586915,141.49597595214843,0.006833622674179862
2022-07-13,142.62692260742188,143.5680224891842,139.32323031975335,140.17611985083454,71185600,136.70721969604492,141.2620977783203,-0.0025362382636153757
2022-07-14,145.5482635498047,146.01881345268225,140.43098661066193,141.24465485515523,78140700,137.4772636413574,141.08057708740233,0.020482394831049966
2022-07-15,147.21475219726562,147.8911758482325,145.2835192940871,146.83242773695906,76259900,138.19975891113282,140.90262786865233,0.01144973225249557
2022-07-18,144.17578125,148.58722466683977,143.81305239727462,147.77355664160174,81420900,139.03352127075195,140.53586151123048,-0.020643114238941496
2022-07-19,148.0284423828125,148.25391198084102,144.01893385798232,145.0090524915063,82982400,139.98639297485352,140.42724212646485,0.026721971605841333
2022-07-20,150.0282745361328,150.69490039584335,147.41082004139457,148.14606057222576,64823400,140.82799682617187,140.34411010742187,0.013509783127681585
2022-07-21,152.29286193847656,152.50853373902038,148.94996398855773,151.45958316742,65086600,141.80831756591797,140.40861572265624,0.015094404100464143
2022-07-22,151.05764770507812,153.20455292364784,150.3910366563313,152.33206789895848,66675400,142.5837532043457,140.4003811645508,-0.008110782197378597
2022-07-25,149.9400634765625,151.9889303599999,149.28325033510924,150.97920113195147,53623900,143.13714218139648,140.52684234619142,-0.0073983955496088605
2022-07-26,148.61668395996094,150.07735281781265,147.83242409239264,149.26368451408044,55138700,143.62436218261718,140.70408477783204,-0.00882605679841153
2022-07-27,153.70455932617188,154.23394116802265,149.1656821954959,149.57741531776043,78620700,144.57282409667968,140.89387603759766,0.03423488689588616
2022-07-28,154.2534637451172,154.5377501582959,151.3713185756555,153.89073492463993,81378700,145.46099319458008,141.12542755126952,0.003571165496662365
2022-07-29,159.3119354248047,160.409904944982,156.36117506106663,158.0669387195233,101786900,146.72511672973633,141.38560485839844,0.03279324533059391
2022-08-01,158.33163452148438,160.37070393464464,157.72384030664722,157.84147403635484,67829400,147.83189849853517,141.7912612915039,-0.006153342501968528
2022-08-02,156.86114501953125,159.21392420256825,156.48863324172908,156.94938527079637,59907000,148.7362434387207,142.23554229736328,-0.00928740176527132
2022-08-03,162.86070251464844,163.3116417148104,157.58657171952115,157.67479700322565,82507500,149.87390670776367,142.79510925292968,0.03824756917572003
2022-08-04,162.54701232910156,163.89986001020398,161.19416464799912,162.74307352499065,55474100,150.82775955200196,143.24017578125,-0.0019261257056082393
2022-08-05,162.32119750976562,162.8120387299593,160.0142377831412,160.22039768650808,56697000,151.73649978637695,143.73464294433595,-0.0013892277446400092
2022-08-08,161.85000610351562,164.73615535552312,161.1922805564501,163.32253000929188,60276900,152.72804641723633,144.21654907226562,-0.002902833477566258
2022-08-09,161.89910888671875,162.78263230320212,160.25970057725633,161.0156004495246,63135500,153.67352294921875,144.63552001953124,0.0003033845001632063
2022-08-10,166.1399688720703,166.23812814464867,163.8428202002786,164.60853143111325,70170500,154.84917526245118,145.02441528320313,0.02619446156630123
2022-08-11,165.4037322998047,167.8579391801427,165.10922447830612,166.94496643142614,57149200,155.84194869995116,145.4142709350586,-0.004431423559688619
2022-08-12,168.9475860595703,169.01629605421468,166.29703098384925,166.70935086886797,68039400,156.9285903930664,145.87755279541017,0.02142547638128356
2022-08-15,170.01759338378906,170.21392688656005,168.21130119143814,168.37818541775778,54091700,158.22068099975587,146.3132174682617,0.006333368526742156
2022-08-16,169.8605499267578,170.52810192661653,168.51564947224608,169.61512926108554,56377100,159.31228637695312,146.86004760742188,-0.0009236894482840263
2022-08-17,171.3527069091797,172.92339013736907,169.4089794863745,169.60531301748716,79542000,160.37850799560547,147.4218197631836,0.008784599973715279
2022-08-18,170.95999145507812,171.696253287321,169.94885973714076,170.56732446959606,62290100,161.31186447143554,147.92534973144532,-0.0022918543931127466
2022-08-19,168.37820434570312,170.55754092380556,168.1720444080825,169.86053968443733,70346300,162.1778923034668,148.39194885253906,-0.015101703547133138
2022-08-22,164.5005645751953,166.74861119438174,164.07843325743647,166.58172694573366,69026800,162.90591735839843,148.88530029296874,-0.0230293450721597
2022-08-23,164.16673278808594,165.6196334298573,163.59735523592423,164.0194864294595,54147100,163.68341979980468,149.48000579833985,-0.002029365601093569
2022-08-24,164.46127319335938,165.03065085876125,163.20472075222654,164.2551282502834,53841500,164.22125549316405,150.1835366821289,0.0017941540303030301
2022-08-25,166.9154815673828,167.02346724627097,165.2662620854037,165.688378388784,51218200,164.85435638427734,150.91889862060546,0.014922712966827012
2022-08-26,160.62294006347656,167.9168512892463,160.56404149028532,167.4456477244252,78961000,164.91990661621094,151.47606048583984,-0.037698968632612906
2022-08-29,158.42393493652344,159.91608162954805,156.89251255304256,158.19813716461735,73314000,164.92452163696288,152.09452850341796,-0.013690479865977379
2022-08-30,155.99916076660156,159.58229569538483,154.83095626158936,159.1601794345339,77906200,164.8814224243164,152.63509155273437,-0.015305604995188515
2022-08-31,154.3401641845703,157.63861884578063,154.26162776653078,157.37356030730842,87991100,164.4553955078125,153.05797088623046,-0.01063465068580316
2022-09-01,155.06658935546875,155.5181549609377,151.83684522830168,153.77076113952282,74229900,164.08137435913085,153.50557373046874,0.00470665024063166
2022-09-02,152.9559783935547,157.4226376540656,152.13136852434044,156.82381061062185,76957800,163.6131134033203,153.85371459960936,-0.013610997512015777
2022-09-06,151.6994171142578,154.21252227519972,150.87480729194033,153.60388383195894,73714800,163.10558395385743,154.1102572631836,-0.008215182515218578
2022-09-07,153.1032257080078,153.80021196934476,150.79626559392008,151.9841081371773,87449600,162.66578979492186,154.3948760986328,0.009253882582110906
2022-09-08,151.6306915283203,153.49588236025656,149.88328282837716,151.80738719524012,84923800,161.94032592773436,154.73278350830077,-0.009617917407539478
2022-09-09,154.48736572265625,154.92913481819144,151.91536244109605,152.62217501880943,68028800,161.39450759887694,155.0927291870117,0.018839683216787195
2022-09-12,160.4363555908203,161.25115382171967,156.3820172588061,156.66669857838036,104956000,160.96894607543945,155.62086700439454,0.03850793778724926
2022-09-13,151.0220489501953,157.59931943362142,150.56065692569356,156.97104316313002,122656600,160.01916885375977,155.91738800048827,-0.058679384768845155
2022-09-14,152.46511840820312,154.22233860679495,150.79626102566698,151.95463927472932,87965400,159.14939727783204,156.19120544433594,0.009555356108853497
2022-09-15,149.57896423339844,152.39640331677907,148.6071081028978,151.81719923234522,90481100,158.06071014404296,156.38063598632812,-0.018929931022500734
2022-09-16,147.9395751953125,148.57767791761873,145.6522527794473,148.4402429431555,162278800,156.9096893310547,156.47002838134765,-0.010960024001288593
2022-09-19,151.65028381347656,151.72882019825508,146.36884300585444,146.57498790902477,81474200,156.07329330444335,156.62010620117186,0.025082596142817826
2022-09-20,154.02598571777344,155.1843789131033,150.2759661753886,150.5900968013731,107689800,155.54956436157227,156.8602444458008,0.01566566078583076
2022-09-21,150.90423583984375,155.83228620825895,150.78643873263653,154.45792171393398,101696800,154.88643951416014,157.01853759765626,-0.020267683166461103
2022-09-22,149.9422149658203,151.64052177438083,148.14573389948876,149.58880860884872,86652500,154.1604866027832,157.1648434448242,-0.006375042215809201
2022-09-23,147.67449951171875,148.6954577569954,145.83875792782328,148.42058784002563,96029900,153.1984375,157.2073681640625,-0.015123929272476744
2022-09-26,148.00828552246094,150.95333323742267,146.8989794231201,146.91861726875362,93339400,152.5677047729492,157.2232388305664,0.002260281983997414
2022-09-27,148.98013305664062,151.88591989139582,147.20329010150107,149.9421927062511,84442700,152.09551467895508,157.31932586669922,0.006566169797515897
2022-09-28,147.0953369140625,147.88068609523327,142.18692325585735,144.93563790031018,146691400,151.65032348632812,157.30066375732423,-0.012651325407673997
2022-09-29,139.87013244628906,144.03247205665744,138.1031007730531,143.42383363893248,128138200,150.92682189941405,157.09750091552735,-0.049119194526163756
2022-09-30,135.66851806640625,140.4787712884576,135.47218456289696,138.69210195416497,124925300,149.95691833496093,156.76501403808595,-0.030039396591665213
2022-10-03,139.84066772460938,140.44932105441077,135.16786446408517,135.67834355315813,114311700,149.30115280151367,156.54067443847657,0.030752526213642106
2022-10-04,143.42385864257812,143.54165578156733,141.61755096209856,142.37345088895668,87830100,148.8873748779297,156.41035034179689,0.025623382498610514
2022-10-05,143.71832275390625,144.6803824609242,140.39041942925496,141.43101553965928,79471000,148.41812973022462,156.31238311767578,0.0020531040938032152
2022-10-06,142.76609802246094,144.83744897574385,142.5599530580835,143.13914221609966,68402200,147.97490005493165,156.09361389160156,-0.006625632091990408
2022-10-07,137.5238800048828,140.47875353363153,136.89560388548796,139.9289988222873,85925600,147.12672576904296,155.75902221679686,-0.03671892760390061
2022-10-10,137.84783935546875,139.2909136665795,136.03173592220895,137.84783935546875,74899000,145.9972999572754,155.32974029541015,0.002355658890473622
2022-10-11,136.43423461914062,138.76083241469453,135.68816128454225,137.33738075448184,77033700,145.26790924072264,154.89179229736328,-0.010254819683338412
2022-10-12,135.80596923828125,137.78897231294513,135.62927355780317,136.58150689181417,70433700,144.43495178222656,154.4706887817383,-0.004604895410695087
2022-10-13,140.37081909179688,140.95981974279604,131.90870376504793,132.51735724415704,113224000,143.97454452514648,154.02089111328124,0.03361302805111799
2022-10-14,135.84521484375,141.87274416009623,135.6586927916983,141.66658426591152,88598000,143.36982650756835,153.4868551635742,-0.03224034936411757
2022-10-17,139.8014373779297,140.282452315822,137.7006369919499,138.48598615048115,85250900,142.77738418579102,153.0364599609375,0.029123017242308924
2022-10-18,141.1168670654297,144.0128276023933,138.03438444661543,142.82500010106065,99136600,142.13192825317384,152.62179718017578,0.009409271550935072
2022-10-19,141.22488403320312,142.2949146585481,138.9081120945048,139.09463421767856,61758300,141.6479606628418,152.20831268310548,0.000765443352163997
2022-10-20,140.7634735107422,143.21768011702426,140.0370229627389,140.40025572638473,64522000,141.18902359008788,151.7007827758789,-0.003267204116467526
2022-10-21,144.57240295410156,145.1417806685085,140.03701908535325,140.25299045906925,86548600,141.03391876220704,151.28415618896486,0.027059075400470922
2022-10-24,146.7124481201172,147.47815927955588,143.32564645655586,144.49385104011358,75981900,140.96912689208983,150.83945343017578,0.014802584188180479
2022-10-25,149.54953002929688,149.69679141311283,146.62411995147127,147.34074408565283,74732300,140.99759674072266,150.43009216308593,0.019337704097588837
2022-10-26,146.6143035888672,149.20594507644813,145.32828678897533,148.19481318791426,88194300,140.9735450744629,149.9651672363281,-0.019627119121368497
2022-10-27,142.14764404296875,146.31979510961392,141.48991849585923,145.35775035197634,109180200,141.08742065429686,149.3810659790039,-0.030465373681573094
2022-10-28,152.88723754882812,154.61499335183578,145.11231396636444,145.4853431294892,164762400,141.94835662841797,149.01961090087892,0.07555238483314564
2022-10-31,150.5312042236328,151.4147275390832,149.13721674827332,150.35450854811523,97943200,142.48288345336914,148.6626708984375,-0.015410268135970906
2022-11-01,147.89047241210938,152.60255171953904,146.3983256985316,152.2393339638939,80379300,142.7062141418457,148.33046905517577,-0.017542753511758935
2022-11-02,142.3734130859375,149.38262560122348,142.34396380900958,146.22160672381153,93604600,142.63896865844725,147.8946026611328,-0.037305035518435004
2022-11-03,136.33607482910156,140.18426855678922,136.20845130657773,139.45781809061094,97918500,142.3174674987793,147.33209869384766,-0.04240495557405621
2022-11-04,136.07057189941406,140.28896920604143,132.1373281619349,139.71864706361086,140814800,142.24480209350585,146.7152005004883,-0.001947415091862581
2022-11-07,136.60154724121094,136.82770454508952,133.40578684396397,134.8217569283286,83374600,142.18248748779297,146.23477264404298,0.0039022055569031266
2022-11-08,137.17190551757812,139.069688836373,135.19545550623369,138.06672226567505,89908500,142.21937103271483,145.80973205566406,0.004175342724047182
2022-11-09,132.61915588378906,136.2377483327938,132.3438299914245,136.18857977969958,74917800,142.06003036499024,145.34213195800783,-0.03319010271535261
2022-11-10,144.41891479492188,144.41891479492188,137.1719158689749,138.88288280173376,118854000,142.26243515014647,145.14370697021485,0.08897477014159749
2022-11-11,147.20164489746094,147.5064688885728,141.96059578034578,143.38640864839942,93979700,142.83025665283202,144.9864080810547,0.019268460135506427
2022-11-14,145.80535888671875,147.77198095425382,144.96953850636208,146.48384590068005,73374100,143.13045272827148,144.84339569091796,-0.009485532663135787
2022-11-15,147.53598022460938,151.02673737922098,146.08068410249945,149.67960607049233,89868300,143.45140838623047,144.760126953125,0.011869394589503424
2022-11-16,146.3068389892578,147.36881668355312,144.83187247009243,146.6411761367448,64218300,143.70550613403321,144.62419921875,-0.00833112867437702
2022-11-17,148.2046356201172,148.9519465811487,143.71089713297823,143.98622301357588,80389400,144.07756423950195,144.55567810058594,0.012971346001116935
2022-11-18,148.76513671875,150.15160903599656,147.46717380781297,149.76811828911318,74829600,144.28720092773438,144.4412335205078,0.003781940398069006
2022-11-21,145.53985595703125,147.86047052115927,145.25470236836378,147.65398361312236,58724100,144.22857131958008,144.14330352783202,-0.02168035356171083
2022-11-22,147.6736602783203,147.909660354169,144.47789906303868,145.65788443814483,51804100,144.13477783203126,144.07633575439453,0.014661305710780947
2022-11-23,148.548828125,149.29613922514196,146.84768896962234,146.95585380028717,58301400,144.23150405883788,143.99800994873047,0.005926363882565511
2022-11-25,145.63821411132812,146.3953678932279,144.66473067745702,145.83487333926465,35195900,144.40603256225586,143.91919494628905,-0.019593651800623224
2022-11-28,141.81307983398438,144.1926900865564,140.9871023917623,142.71772393796064,69246000,143.85232467651366,143.7966650390625,-0.0262646332261377
2022-11-29,138.8140411376953,142.393293327039,138.00773375100172,141.88196729880755,83763800,143.2664665222168,143.53994018554687,-0.021147828534574753
2022-11-30,145.55953979492188,146.23802684928043,138.2043770255708,139.04018245155586,111380900,143.14991989135743,143.37061126708986,0.048593777703909824
2022-12-01,145.83485412597656,146.64117635966434,144.1632284025417,145.7365320270306,71250400,143.32299194335937,143.2692236328125,0.0018914207302562769
2022-12-02,145.3432159423828,145.53004745802463,143.2192602974079,143.5240993516398,65447400,143.77334899902343,143.17724365234375,-0.003371198103088946
2022-12-05,144.1829376220703,148.40133640660238,143.33728932207632,145.30391187981684,68826400,144.17896728515626,143.1074124145508,-0.007983023581729864
2022-12-06,140.5249786376953,144.84171332835018,139.55149534602168,144.61555599946504,64727200,144.37513885498046,142.95774627685546,-0.02537026256160191
2022-12-07,138.587890625,140.97732977170875,137.663575645007,139.817029693259,69721100,144.44593811035156,142.74990142822264,-0.013784652603930025
2022-12-08,140.26930236816406,141.1247931057231,138.7451823842777,139.98414879173407,62128300,144.8284454345703,142.61338073730468,0.012132457861803614
2022-12-09,139.7875213623047,143.14061609699272,138.5485396692002,139.9645101732408,76097000,144.59687576293945,142.611728515625,-0.0034346859770846283
2022-12-12,142.07864379882812,142.08847150955347,138.70587850686456,140.31850830999085,70462700,144.34072570800782,142.73993103027342,0.016390035492404476
2022-12-13,143.0422821044922,147.46718252429508,141.8328135242381,147.00502505789572,93886200,144.20257186889648,142.80396331787108,0.00678242894145642
2022-12-14,140.8199920654297,144.21241242784126,138.80420126905452,142.92427726159215,82291200,143.8667724609375,142.75188598632812,-0.015535896144603711
2022-12-15,134.22195434570312,139.43350575702271,133.7597969655739,138.75501875197617,98931900,143.26252822875978,142.56195861816406,-0.04685441053469808
2022-12-16,132.26515197753906,135.35274779526193,131.49817062820333,134.4087776749108,160156900,142.46555404663087,142.35193969726564,-0.014578854686649101
2022-12-19,130.160888671875,132.94366095306307,129.12842399506934,132.85516655290323,79592600,141.53534164428712,142.20467987060547,-0.015909430974089145
2022-12-20,130.09205627441406,131.0261987808424,127.72227301817315,129.19723960857664,77432800,140.76295166015626,142.04956420898438,-0.0005288255032928069
2022-12-21,133.18951416015625,134.5268181441457,130.53457661956926,130.76073402008618,85928000,140.03874435424805,141.9846697998047,0.023809738845302464
2022-12-22,130.023193359375,132.314309508476,128.1254105644458,132.10782262615243,77852100,139.1124626159668,141.86901428222657,-0.02377304865737284
2022-12-23,129.659423828125,130.21007573511977,127.47647162243918,128.73510883960984,63814900,138.31352310180665,141.65478637695313,-0.002797728019527712
2022-12-27,127.85994720458984,129.2169213883547,126.57181200307966,129.1874232542848,69007800,137.61586647033693,141.49508102416993,-0.013878486965363312
2022-12-28,123.9365234375,128.8432433891337,123.76936236247,127.505939784758,85438400,136.87199058532715,141.17778274536133,-0.030685322908916457
2022-12-29,127.44696044921876,128.30243635978945,125.59833816334044,125.8539936642562,75703700,135.966361618042,140.9043846130371,0.028324475419782447
2022-12-30,127.76158905029295,127.78125947114631,125.30331909041402,126.2669671564067,77034200,135.0626983642578,140.63511871337892,0.002468702273990653
2023-01-03,122.9827117919922,128.71540946850325,122.09773035328112,128.10576142344397,112117500,133.94467315673828,140.2795034790039,-0.03740464793702247
2023-01-04,124.2511978149414,126.51281646624362,122.9925607402256,124.77235152537196,89113600,132.94808616638184,139.87307937622072,0.010314344223395056
2023-01-05,122.93354034423828,125.637645647583,122.67788488068354,125.00832719533364,80962700,132.068514251709,139.39750122070313,-0.01060478686624522
2023-01-06,127.45680236816406,128.1156191203873,122.8057442493749,123.90705557556224,87754700,131.5119598388672,138.95564666748047,0.03679436882123266
2023-01-09,127.97791290283205,131.18351617146814,127.72225745979352,128.29257960577254,70790800,130.8973903656006,138.58291885375976,0.004088526661470304
2023-01-10,128.54824829101562,129.06940194282927,125.98180587179893,128.0860909010472,63896200,130.33542671203614,138.3109309387207,0.004456514215985141
2023-01-11,131.26219177246094,131.28184718963053,128.28276062052532,129.05956971451124,69458900,129.79460411071778,137.87843002319335,0.021112255651289047
2023-01-12,131.1835479736328,132.019353473187,129.2464237509339,131.6457054280313,71379600,129.2016674041748,137.49147689819335,-0.0005991351947288726
2023-01-13,132.51100158691406,132.6683349676498,129.46274610687885,129.8265664212103,57809700,128.786217880249,137.18388748168945,0.010119055581177427
2023-01-17,133.6713104248047,134.99877137842552,131.89151977321038,132.5798345273993,63646600,128.7586856842041,137.0098454284668,0.008756320788425809
2023-01-18,132.95350646972656,136.2967583598761,132.77650266153844,134.53663801277594,69672800,128.79310340881347,136.9421940612793,-0.0053699178439783335
2023-01-19,133.01248168945312,133.97612225756075,131.53751520588366,131.8423392118264,58280400,128.9356830596924,136.88103225708008,0.000443577768593828
2023-01-20,135.569091796875,135.71659745917918,131.98001240951498,133.02231973826562,80223600,129.20953483581542,136.86038314819336,0.019220828563975223
2023-01-23,138.75503540039062,140.92815961902411,135.59860004292767,135.81492969380113,81760300,129.48781089782716,136.8920457458496,0.023500515945693357
2023-01-24,140.1513214111328,140.77081216801105,137.95854199183503,137.9683697007518,66435100,129.99421730041504,137.04268905639648,0.010062957403405681
2023-01-25,139.49249267578125,140.05297211797858,136.49339126221906,138.53867984910516,65799300,130.48587074279786,136.94416061401367,-0.004700838555912634
2023-01-26,141.55743408203125,141.84258762170543,139.53180116313032,140.7806101218581,54105100,131.1707450866699,136.83127639770507,0.01480324400718458
2023-01-27,143.4945831298828,144.77289057415177,140.69215546789684,140.77082215722044,70555800,132.14864807128907,136.78506088256836,0.013684544795641074
2023-01-30,140.61351013183594,143.12095684480488,140.4660194445421,142.540806802597,64015300,132.8069755554199,136.6466114807129,-0.02007792165533595
2023-01-31,141.88194274902344,141.93111130163894,139.9054929686203,140.31848180314623,65874500,133.51299324035645,136.5581135559082,0.009020702320838403
2023-02-01,143.00291442871094,144.16322923439725,138.96152054070433,141.56728874190614,77663600,134.51400337219238,136.45407913208007,0.007900735343541188
2023-02-02,148.30299377441406,148.65697138188685,145.6972102432423,146.41502317640206,118339000,135.71659317016602,136.44483627319335,0.037062736566430665
2023-02-03,151.92156982421875,154.75351068440185,145.36288637728777,145.55954560277002,154357300,137.16599464416504,136.5724705505371,0.024399885381336084
2023-02-06,149.19776916503906,150.54491539574025,148.26362674506663,150.0237617823619,69858300,138.2530429840088,136.60295272827148,-0.01792899232367906
2023-02-07,152.06907653808594,152.63939885505883,148.12600388600742,148.12600388600742,83322600,139.45760116577148,136.6733576965332,0.019244975237335593
2023-02-08,149.3846435546875,152.00025508514892,148.6471601159277,151.31194020980092,64120100,140.4994209289551,136.74828628540038,-0.01765272101672899
2023-02-09,148.3521270751953,151.75438976697808,147.9096401221254,151.21356571138807,56007100,141.3539176940918,136.87906723022462,-0.006911797992905422
2023-02-10,148.71652221679688,149.04151212756338,146.95371454850684,147.19007494553122,57450700,142.23056640625,137.07711685180664,0.0024562852504086408
2023-02-13,151.51341247558594,151.91717418893083,148.6279039729175,148.65744714640496,62199000,143.1806869506836,137.1961943054199,0.01880685627325107
2023-02-14,150.87322998046875,151.43458016213006,148.5687729786889,149.80963097340685,61707600,144.0407829284668,137.29696182250976,-0.0042252529637951675
2023-02-15,152.97093200683594,153.13834833360136,150.55814431502776,150.7846469892343,65573800,145.04165420532226,137.44951614379883,0.013903739096980505
2023-02-16,151.37551879882812,153.95572244720177,151.02098573800205,151.17854429955682,68167900,145.959806060791,137.59336776733397,-0.010429518779009106
2023-02-17,150.23313903808594,150.67630162569367,148.55896091432058,150.03617955770974,59144100,146.69300842285156,137.7875309753418,-0.007546661242234021
2023-02-21,146.2249298095703,149.0021077790729,146.15600076088242,147.91880821074704,58867200,147.06650314331054,137.9402717590332,-0.02667992730618174
2023-02-22,146.64840698242188,147.67260518894304,144.92498541296462,146.60900607426132,51011300,147.391357421875,138.06785385131835,0.002896066856746371
2023-02-23,147.13096618652344,148.05669224456878,145.00378282832062,147.81048914517564,48394200,147.7732810974121,138.21472274780274,0.003290586062482115
2023-02-24,144.48184204101562,144.9545478123535,143.50687229977612,144.87576101262292,55469600,147.91950149536132,138.2627867126465,-0.018005211371679652
2023-02-27,145.67344665527344,146.9044621404894,145.21058363066865,145.46664446890208,44998500,148.02844467163087,138.31541000366212,0.00824743509235959
2023-02-28,145.17123413085938,146.81586942805245,144.60004099931746,144.81670098117985,50547000,148.25633087158204,138.4024348449707,-0.0034475227705877964
2023-03-01,143.1030731201172,144.99391093566584,142.80762642427203,144.59999202590106,55479000,148.31738739013673,138.580057220459,-0.014246355506476682
2023-03-02,143.69398498535156,144.481837933212,141.71450238763347,142.1872231725768,52238100,148.35194091796876,138.80863388061525,0.004129274461760701
2023-03-03,148.7362518310547,148.8150386455079,145.09244806812092,145.79165662743975,70732300,148.37360382080078,139.18014114379883,0.035090312557043646
2023-03-06,151.49368286132812,153.9261705239575,151.12930710707832,151.4542819528968,87558000,148.35220947265626,139.6081736755371,0.01853906493089208
2023-03-07,149.29757690429688,151.69066400049135,148.83471383986452,151.36567408118486,56182000,148.35719985961913,139.93033493041992,-0.014496353349871982
2023-03-08,150.54827880859375,151.13917230662574,149.52408044265695,150.48919246419973,47204800,148.28115997314453,140.3408366394043,0.008377241816178937
2023-03-09,148.30288696289062,152.19289270805663,147.9483539187185,151.22778082054958,53833600,148.2270721435547,140.7137059020996,-0.014914762649381741
2023-03-10,146.24465942382812,148.64760438030467,145.3681768808884,147.92869544727571,68572400,148.12169876098633,141.08140014648438,-0.013878539934138456
2023-03-13,148.1847381591797,150.81418573238946,145.45680332509693,145.56513330123872,84457100,148.09510955810546,141.56636444091797,0.013265980056947457
2023-03-14,150.2725372314453,151.07023295988367,147.82036369988242,148.98243524821328,73695900,148.03306579589844,142.0228759765625,0.014089163959806195
2023-03-15,150.6664581298828,150.92250395033966,147.64307677577528,148.8937927615987,77167900,148.02272720336913,142.4809733581543,0.002621376504948536
2023-03-16,153.48301696777344,154.08375312665916,149.33695019463687,149.84905684492745,76161100,148.048331451416,143.09097946166992,0.018694000462017968
2023-03-17,152.6459197998047,154.35949876084172,151.93685367986137,153.70951897971963,98944600,148.11185150146486,143.6588739013672,-0.005454005169474363
2023-03-20,155.0094451904297,155.4230795673691,151.80880531492744,152.7148458265595,73641400,148.35066680908204,144.30039199829102,0.015483711544499679
2023-03-21,156.8609161376953,156.9790888157361,154.1625247817563,154.93069227015488,73938300,148.8824661254883,144.88847427368165,0.011944246010242132
2023-03-22,155.43292236328125,159.67746084227036,155.41322191031108,156.8805976022137,75701800,149.32169189453126,145.43757446289064,-0.009103566456035161
2023-03-23,156.5162353515625,159.0964541870748,155.28521978995877,156.41776312286146,67622100,149.79095535278321,145.99693420410156,0.006969649491304741
2023-03-24,157.81619262695312,157.9048221395663,155.45264879499626,156.44730394409444,59196500,150.4576728820801,146.5280142211914,0.008305574641957802
2023-03-27,155.87612915039062,158.3283178086609,155.4723523985585,157.51092158923748,52390300,150.96780700683593,147.02186584472656,-0.01229318388860412
2023-03-28,155.25564575195312,156.08289946543738,153.61101109186916,155.57079288605044,45992200,151.47202758789064,147.47675872802733,-0.003980618468135355
2023-03-29,158.3282928466797,158.60403911493316,156.92986104995282,156.94954647836764,51305700,152.23328857421876,147.96989837646484,0.019790887988934358
2023-03-30,159.8941650390625,160.0024950198449,158.8207229739758,159.07676882534926,49501700,153.0432975769043,148.50871154785156,0.009890033955580968
2023-03-31,162.39556884765625,162.49405610459849,159.4509892058579,159.97293860815142,68749800,153.72626342773438,149.09637329101562,0.015644121897647967
2023-04-03,163.6462860107422,163.76445869825218,161.7259047034759,161.77514833228696,56976200,154.3338935852051,149.65791717529297,0.007701670507150649
2023-04-04,163.11448669433594,164.30610131295074,162.60238002597387,164.06975594835677,46278300,155.02473907470704,150.14510620117187,-0.0032496876609307
2023-04-05,161.27288818359375,162.54330471265868,159.34266411557562,162.2380152446489,51511700,155.56096954345702,150.5675375366211,-0.011290220433904152
2023-04-06,162.15921020507812,162.45465692468338,159.5396056660462,159.9630677767464,45390100,156.2537857055664,151.02087188720702,0.00549579059113392
2023-04-10,159.56919860839844,159.56919860839844,157.64881687252208,158.96846226773465,47716900,156.9200126647949,151.38110717773438,-0.015972028930112403
2023-04-11,158.35784912109375,159.89415417908276,158.07224508795338,159.88431146406083,47644200,157.4286682128906,151.6783724975586,-0.007591374136542983
2023-04-12,157.66845703125,159.59868074602483,157.35330987869057,158.77144201112134,50133100,157.79846420288087,152.01947143554688,-0.0043533812417253515
2023-04-13,163.0455322265625,163.28189260314673,158.96840964951016,159.17522685740187,68445600,158.41741790771485,152.44274322509764,0.034103683745993374
2023-04-14,162.7008514404297,163.79399372639534,161.33196290458474,162.09025757823102,49386500,158.87830963134766,152.83670196533203,-0.0021140155233070335
2023-04-17,162.72056579589844,162.87813940299813,161.53879379674336,162.58269264644778,41516200,159.38204193115234,153.12505340576172,0.00012116934419337255
2023-04-18,163.94174194335938,164.86746811951792,163.13418846133288,163.57736611842117,49923000,159.82865676879882,153.36545684814453,0.007504743739600084
2023-04-19,165.0841064453125,165.60605581206516,163.0258371209191,163.28189796071484,47720200,160.23981628417968,153.68318359375,0.006968112503939361
2023-04-20,164.11900329589844,165.3204757933169,163.04556123695718,163.56751067945328,52456400,160.67412033081055,153.92418212890624,-0.005846130013332118
2023-04-21,162.51373291015625,163.92200731179602,161.99178358382397,162.5432760775303,58337300,160.97399520874023,154.18676391601562,-0.00978113657470836
2023-04-24,162.8190460205078,163.0849495926161,161.40091367199096,162.49405610505224,41949600,161.22413787841796,154.47610229492187,0.0018786911412609353
2023-04-25,161.28274536132812,163.78416246885476,161.24334444666383,162.68117729099055,48714100,161.49446868896484,154.7274267578125,-0.009435632358306467
2023-04-26,161.27288818359375,162.7698073781101,160.32747660698578,160.58352244501583,45498800,161.7953308105469,154.92261627197266,-6.111737317149313e-05
2023-04-27,165.85227966308594,165.99999552987848,162.68118215487013,162.68118215487013,64902300,162.1715301513672,155.222197265625,0.028395296513069157
2023-04-28,167.10296630859375,167.27039764589344,165.33031595199537,165.93105213681218,55275900,162.53197021484374,155.50483795166016,0.007540967468451232
2023-05-01,167.01434326171875,167.86128258741087,166.07877442017465,166.70905380019818,52472900,162.76290893554688,155.81761444091796,-0.0005303499323365823
2023-05-02,165.98028564453125,167.76280882251325,164.9954731830596,167.50674796522142,48425700,162.87960891723634,156.13255737304686,-0.006191430011295962
2023-05-03,164.90684509277344,168.32414556576836,164.6212560883793,166.925713661642,65136000,162.9692268371582,156.50619567871092,-0.006467277409419103
2023-05-04,163.27206420898438,164.50307988258416,161.81454585901537,162.38573893481126,81235400,163.06918563842774,156.8386688232422,-0.009913359769082808
2023-05-05,170.9339141845703,171.65282310766082,168.1665784150509,168.3832383689214,113453200,163.50792083740234,157.31472778320312,0.04692688864262129
2023-05-08,170.86495971679688,171.20965008439242,169.49607101524845,169.86044681233005,55962800,164.07270889282228,157.84239013671876,-0.00040339840167102903
2023-05-09,169.16122436523438,170.90433143409618,168.9938080662103,170.42178299192224,45326900,164.6128776550293,158.31214569091796,-0.009971239008784383
2023-05-10,170.92405700683594,171.38692008917508,169.28926463206565,170.3922648627901,53724500,165.2756576538086,158.8272021484375,0.010421020823279559
2023-05-11,171.1111602783203,171.93839911576495,169.5551548305296,171.20964753246403,49514700,165.67893905639647,159.38736389160155,0.001094657327709525
2023-05-12,170.18418884277344,171.65357963293758,168.63588721671283,171.21966032250447,45533100,166.05310592651367,159.91716796875,-0.00541736397578696
2023-05-15,169.69107055664062,170.81530899814229,169.09935977781652,170.7659972586019,37266700,166.4016311645508,160.33626434326172,-0.002897556403364754
2023-05-16,169.69107055664062,170.74626955321972,169.42479920138675,169.61217478294208,42110300,166.68909759521483,160.70021209716796,0.0
2023-05-17,170.30250549316406,170.53917778241149,168.06388478776768,169.3360585337975,57951600,166.95001754760742,161.1203106689453,0.0036032239912078268
2023-05-18,172.62989807128906,172.8172736869499,170.19404516336385,170.60823676479856,65496700,167.37556228637695,161.56194305419922,0.013666226291770167
2023-05-19,172.7383575439453,173.95134816577144,172.5213979143073,173.95134816577144,55809500,167.8867935180664,162.05065246582032,0.0006282774529093871
2023-05-22,171.79164123535156,172.2945999966471,171.05201016081833,171.5746815829952,43570900,168.3354232788086,162.56159210205078,-0.005480637433714741
2023-05-23,169.18814086914062,170.9829861706954,168.91201313779877,170.7364424785807,50747300,168.7306930541992,162.98166015625,-0.01515498860997655
2023-05-24,169.4642333984375,170.03621645106807,168.16249079935005,168.7246024757336,45143500,169.1402603149414,163.36549407958984,0.0016318669138306596
2023-05-25,170.598388671875,171.49579632773333,169.31635838771984,170.0264054667032,56058300,169.37756576538087,163.76413269042968,0.006692593774468847
2023-05-26,173.00460815429688,173.33991896491864,170.71669083708804,170.92379413047703,54835000,169.67264785766602,164.15456451416014,0.014104585050037866
2023-05-30,174.8487548828125,176.51539231960112,174.12885165758402,174.51345913931758,55964400,170.0643684387207,164.59862121582032,0.010659523744424693
2023-05-31,174.79945373535156,176.87042648421155,174.3162227478627,174.87834951174753,99625300,170.5053268432617,164.99442138671876,-0.00028196453268414245
2023-06-01,177.6001739501953,177.62975798334406,174.4838587106697,175.24321733975688,68901800,171.1399932861328,165.40920654296875,0.016022476929957064
2023-06-02,178.44830322265625,179.26683000310032,176.7816656255451,178.52719900186148,61996900,171.8988052368164,165.86951416015626,0.004775497982894894
2023-06-05,177.0972442626953,182.3929972823034,175.57852688511534,180.10507993454968,121946500,172.20697174072265,166.2811343383789,-0.007571150498837609
2023-06-06,176.7323760986328,177.62978364684955,174.97697127382227,177.48186345973468,64848400,172.50034255981444,166.6594580078125,-0.002060270139050191
2023-06-07,175.36158752441406,178.70471906299082,174.86850018805862,175.9730110061888,61944600,172.81036071777345,167.04916717529298,-0.007756295730747875
2023-06-08,178.0735626220703,178.33981894141047,175.0065588784877,175.44046308150416,50214900,173.16783599853517,167.5055255126953,0.015465046455961584
2023-06-09,178.4581756591797,179.71060666093933,178.13273621096323,178.99070336218668,48900000,173.53518676757812,167.9081231689453,0.0021598547894818854
2023-06-12,181.2490234375,181.34764691680863,178.468018885392,178.7638742754878,54274900,174.08842849731445,168.33522033691406,0.01563866585552387
2023-06-13,180.7756500244141,181.60403301510047,179.91768300176238,180.272706433175,54929100,174.6426574707031,168.70282196044923,-0.002611729454361167
2023-06-14,181.4068145751953,181.84073380664427,179.50350482104812,180.83483150172444,57462900,175.22844467163085,169.0580325317383,0.003491424595602144
2023-06-15,183.4383544921875,183.9413132306641,181.2391890770768,181.4167083517838,65433200,175.88523712158204,169.4645098876953,0.0111988070665896
2023-06-16,182.3634185791016,184.4048073735327,181.7224110612984,184.1483923281464,101256200,176.37191314697264,169.88632049560547,-0.005859929980628342
2023-06-20,182.45216369628903,183.52710548415504,181.8604679443372,181.8604679443372,49799100,176.85760345458985,170.29217956542968,0.0004866388110011943
2023-06-21,181.4166717529297,182.8466218007744,180.06560242478363,182.34366316376423,49515700,177.33885498046874,170.7291290283203,-0.00567541607828248
2023-06-22,184.4146270751953,184.46393880857784,181.13066426325057,181.1997036995518,51245300,178.10017929077148,171.25026458740234,0.016525247064109516
2023-06-23,184.09906005859372,184.96689848868263,182.45215034536932,182.98469303577104,53117000,178.8319206237793,171.77887664794923,-0.0017111821421460505
2023-06-26,182.7085876464844,185.45015206010265,182.66913223239737,184.2470177435845,48088700,179.43743057250975,172.17213775634767,-0.007552849056734812
2023-06-27,185.45997619628903,185.78541559077308,183.10301971608257,183.31997931240525,50730800,180.06019897460936,172.62732025146485,0.015058890144387549
2023-06-28,186.6335906982422,187.2745983327617,185.00640821194855,185.3318326709401,51216800,180.64944076538086,173.10558074951172,0.006328128181743109
2023-06-29,186.9688415527344,187.4422162021352,186.32783407243755,186.4658979165552,46347300,181.25791015625,173.56612274169922,0.0017963050126077462
2023-06-30,191.28829956054688,191.79124321876165,188.61575961709715,188.98065447297637,85213200,181.94231643676758,174.0902066040039,0.02310255533456984
2023-07-03,189.79916381835935,191.19952989799955,189.10882958307744,191.1009064221508,31458200,182.50985946655274,174.60380981445311,-0.007784771706416782
2023-07-05,188.68478393554688,190.311965971159,187.98459336367247,188.92147125163748,46920300,183.0892364501953,175.12723083496093,-0.005871363500204563
2023-07-06,189.15814208984372,189.36524537083605,186.5842258571581,187.2153769807983,45094300,183.71052474975585,175.65401275634767,0.0025087245745185616
2023-07-07,188.0437469482422,190.0062396257956,187.6098428072387,188.76366516963597,46815000,184.34463272094726,176.18923278808595,-0.0058913411248892045
2023-07-10,186.00241088867188,187.36333679085425,184.45410938571573,186.6434184249519,59922200,184.74107513427734,176.6838232421875,-0.010855644458798053
2023-07-11,185.479736328125,186.68287064614395,184.0202020095467,186.54480679233015,46638100,185.0921531677246,177.0763723754883,-0.002810041859402035
2023-07-12,187.14637756347656,189.0496875169185,185.86434744027207,187.05761040387253,60750200,185.38702087402345,177.47724060058593,0.008985570436671253
2023-07-13,187.90570068359372,188.54672319895087,187.1562134087189,187.8662603208446,41342300,185.74352340698243,177.89506774902344,0.004057375461940849
2023-07-14,188.0536651611328,188.53688115718745,187.0083223355872,187.60001815586816,41616200,186.07586593627929,178.33653533935546,0.0007874400670166981
2023-07-17,191.3080139160156,191.63345333608896,189.15814548736356,189.2468975888844,50520200,186.4693489074707,178.86455871582032,0.01730542583200556
2023-07-18,191.05160522460935,191.64331601668744,189.75971887799716,190.6768691009351,48288200,186.90375823974608,179.4201495361328,-0.0013402924747251133
2023-07-19,192.40267944335935,195.489395852648,189.9865395225249,190.4303301514657,80507300,187.40128402709962,179.8495248413086,0.007071776325363155
2023-07-20,190.45989990234372,193.75371936128715,189.83860510668907,192.39279363664537,59581200,187.85344543457032,180.24142364501952,-0.010097466140473133
2023-07-21,189.28636169433597,192.2744696321092,188.5861710830146,191.41650251566855,71951700,188.09703216552734,180.64392639160155,-0.0061616025662591944
2023-07-24,190.0851593017578,192.21530010696893,189.592071988394,190.73603816687745,45377800,188.39633712768554,181.0271484375,0.004220048397949316
2023-07-25,190.94314575195312,191.7518162507371,190.25282645288885,190.6571617022808,37283200,188.80806503295898,181.42378814697267,0.004513695089858549
2023-07-26,191.8109588623047,192.9351972994816,190.6472800623453,190.99243214213985,47471900,189.12561416625977,181.85632354736327,0.004544876994322156
2023-07-27,190.5486602783203,194.47363103189025,189.8879250921341,193.3099522093675,47460200,189.32136764526368,182.27347534179688,-0.006580951325573348
2023-07-28,193.12257385253903,193.9115165426313,191.4559363697747,191.97860770429688,48291400,189.6290542602539,182.74210540771483,0.013507906959089544
2023-07-31,193.7339782714844,193.7734336784224,192.560428204252,193.3493708168966,38824100,189.75133819580077,183.21073486328126,0.003165887895695718
2023-08-01,192.90562438964844,194.0101351852124,192.5801849485631,193.52691923606864,35175100,189.90666122436522,183.61624938964843,-0.004275728445916505
2023-08-02,189.9175262451172,192.48157144604932,189.19762292480596,192.343507589444,50389300,189.96829833984376,183.95983276367187,-0.015489948279038379
2023-08-03,188.5269775390625,189.7103839306254,188.05361799200307,188.92145636813592,61235200,189.93674011230468,184.2945394897461,-0.007321855615684325
2023-08-04,179.47393798828125,184.7894189873242,179.40489853673822,182.95513345446872,115956800,189.50824966430665,184.5002554321289,-0.048019862562669435
2023-08-07,176.37733459472656,180.5981607115797,174.89807268327343,179.6119861039443,97576100,189.02699584960936,184.6385174560547,-0.0172537775025412
2023-08-08,177.31419372558594,177.77769698523286,175.12488493894773,177.205713919119,67823000,188.61871871948242,184.7728335571289,0.005311675295536444
2023-08-09,175.72645568847656,178.42856448196,174.56276182695083,178.3693964131728,60378500,188.04772262573243,184.8272705078125,-0.008954376430612143
2023-08-10,175.50949096679688,178.25105509162734,175.14461118800062,176.99860916334498,54686900,187.42791213989258,184.84048522949217,-0.0012346730651889848
2023-08-11,175.56874084472656,176.3883728930982,174.34424265962002,175.10462674008653,52036700,186.80366592407228,184.85587097167968,0.00033758788543747364
2023-08-14,177.2178955078125,177.44501774834183,175.09474782272636,175.74650562753334,43675600,186.09916000366212,184.84822540283204,0.009393213479525153
2023-08-15,175.2329559326172,177.23759212733944,174.8379595164921,176.64509750315182,43622600,185.3082275390625,184.78391845703126,-0.011200559455395442
2023-08-16,174.36399841308594,176.30937200366554,174.29486573787133,174.91699954220002,46964900,184.40629348754882,184.72925354003905,-0.0049588704071475975
2023-08-17,171.8260955810547,175.29223725703497,171.31258808782235,174.9268647491592,66062900,183.47460327148437,184.6311279296875,-0.014555199783952588
2023-08-18,172.30999755859375,172.9123770667114,169.8116075662743,170.14735612669347,61172200,182.62578506469725,184.5700961303711,0.0028162310032284754
2023-08-21,173.64312744140625,173.92951274494206,171.56937297444222,172.88275833759562,46311900,181.80368347167968,184.4814874267578,0.007736810990083054
2023-08-22,175.0157470703125,175.46012191641384,174.04799506153495,174.8478727981476,42038900,181.00731353759767,184.41263885498046,0.007904831300446613
2023-08-23,178.85716247558594,179.2817980823254,176.10202612434662,176.289654759779,52722800,180.35962371826173,184.3648016357422,0.021948970133128354
2023-08-24,174.17636108398438,178.83739189345877,173.81097351698816,178.41275636104422,54945800,179.54100875854493,184.2328158569336,-0.026170611938677535
2023-08-25,176.37850952148438,176.91175631972774,173.62337343895007,175.16388093182096,51449600,178.70380554199218,184.13224975585936,0.01264321073074992
2023-08-28,177.93878173828125,178.33377827348758,176.3192718348921,177.8400250704037,43820700,177.91404571533204,184.02225830078126,0.008846158304829155
2023-08-29,181.81964111328125,182.5898947624316,177.25736718090633,177.4548654120463,53003900,177.35974655151367,184.01138275146485,0.02181008174321497
2023-08-30,185.3055419921875,185.50305529692773,182.43191025327192,182.62940848986256,60813900,177.1291473388672,184.06845031738283,0.019172300954737764
2023-08-31,185.52281188964844,186.75719481874472,185.13768501849643,185.4931879048022,60794500,176.97893905639648,184.1505731201172,0.001172495410148633
2023-09-01,187.09295654296875,187.5472010181368,185.9276912341992,187.12258052751665,45766500,177.35988998413086,184.20413970947266,0.008463350880290932
2023-09-05,187.3299560546875,187.6064566338381,185.26607135025952,185.92769881238064,45280000,177.90752105712892,184.26875762939454,0.001266747375731958
2023-09-06,180.62478637695312,186.4905763861184,179.20277485131902,186.04618648324464,81755800,178.07305068969725,184.2270816040039,-0.03579336598881666
2023-09-07,175.3415985107422,175.98348658181322,171.37181936653653,172.9913289322691,112488800,178.05380783081054,184.02471405029297,-0.029249517589381324
2023-09-08,175.95387268066406,177.98814840122637,175.56874581023814,176.12176201867752,65551300,178.0760269165039,183.8111196899414,0.0034918933962173604
2023-09-11,177.11912536621094,178.0473836718388,175.1243584797436,177.82026144859472,58953100,178.15354614257814,183.61412536621094,0.006622489563851142
2023-09-12,174.0973663330078,177.87951732730735,172.6358612060169,177.24751388848827,90370200,177.99751968383788,183.27030670166016,-0.01706060272686727
2023-09-13,172.03347778320312,175.08486860955094,171.8063404869434,174.30473020059844,84267900,177.8375457763672,182.91499298095704,-0.0118547947810822
2023-09-14,173.54434204101562,173.8998448696545,171.41132506918257,171.8260758579031,60895800,177.79656295776368,182.6121841430664,0.008782385133877746
2023-09-15,172.823486328125,174.29487626046748,171.64836639188815,174.27512191376346,109259500,177.8464324951172,182.28549102783202,-0.004153726387232215
2023-09-18,175.74649047851562,177.13887792290447,173.9689761950564,174.2751007250675,67257600,178.01825714111328,182.0395458984375,0.016913234494303486
2023-09-19,176.83277893066406,177.38578010579235,174.91701409671836,175.3021409914078,51826900,178.17773971557617,181.85615325927733,0.006180996554700613
2023-09-20,173.2974853515625,177.45487842056565,173.20859833310675,177.0203732393163,58436200,178.09182662963866,181.6125082397461,-0.019992297810847326
2023-09-21,171.7569580078125,174.0973581099587,171.6878404044714,172.36922214048295,63149100,177.73681640625,181.3047198486328,-0.008889496236052064
2023-09-22,172.606201171875,174.86759879629756,171.87545623128412,172.4877052502978,56725400,177.65830841064454,180.99872985839843,0.004944446931948399
2023-09-25,173.88011169433594,174.75899170155245,171.97421669351675,172.02359502231215,46172700,177.53338851928712,180.7152587890625,0.007380444699043087
2023-09-26,169.81158447265625,173.01109513731117,169.51532957863083,172.63585300181884,64588900,177.12702865600585,180.28533020019532,-0.023398462204991866
2023-09-27,168.30068969726562,170.87808171574733,166.93794126401278,170.46333088230946,66921800,176.4510810852051,179.83031188964844,-0.008897477637245133
2023-09-28,168.5574493408203,169.88070413963854,165.52579782856736,167.22430983558627,56294400,175.61367645263672,179.35340728759766,0.0015256006616284346
2023-09-29,169.07095336914062,170.90771561508154,168.21181267677895,169.870831028669,51861100,174.79108352661132,178.9256283569336,0.003046462973475661
2023-10-02,171.5792236328125,172.12235512412923,168.79444856905252,169.0808338409062,52164500,174.01539688110353,178.57148559570314,0.014835607262445816
2023-10-03,170.24606323242188,171.46070671019788,168.68581669291316,170.1078129668395,49594600,173.16120223999025,178.17470367431642,-0.0077699407431965906
2023-10-04,171.4903564453125,172.03348795172127,168.8339619515459,168.9524578917983,53020300,172.7044807434082,177.7856478881836,0.007308792868777836
2023-10-05,172.72474670410156,173.25799352598938,170.52259660006877,171.6187292983148,48527900,172.57363815307616,177.40392364501952,0.007198015587440265
2023-10-06,175.27247619628906,175.76622928314396,171.01631193035507,171.62857600439608,57266700,172.53956832885743,177.0983999633789,0.014750228561933199
2023-10-09,176.75379943847656,176.81304741944209,173.6036511931428,174.60102736508813,42390800,172.52130203247071,176.77102447509765,0.008451545127533544
2023-10-10,176.16127014160156,177.47465549196244,175.72676490471198,175.87489990900735,43698000,172.6244972229004,176.4195703125,-0.0033522860541463917
2023-10-11,177.55364990234375,177.60302823490863,175.38113888285298,175.9736336691769,47551100,172.90050582885743,176.1125308227539,0.007904006139504816
2023-10-12,178.45228576660156,180.0619109305439,176.80313684087554,177.8202822818536,56743100,173.14590301513672,175.8832260131836,0.005061207498421316
2023-10-13,176.6155242919922,179.65703072033497,175.91438812346496,179.15340788479125,51427100,173.33550491333008,175.64499694824218,-0.01029273156529742
2023-10-16,176.48715209960938,176.8426550206093,174.3047562379969,174.54176320804768,52517000,173.37253799438477,175.58526123046875,-0.0007268454621836007
2023-10-17,174.93673706054688,176.19087429527403,172.61610626933813,174.44298390478113,57549400,173.2777359008789,175.55644927978517,-0.008784860657661042
2023-10-18,173.64312744140625,175.36139405816417,172.92225196490105,173.38638119353993,54764400,173.2950180053711,175.48302795410157,-0.007394728179324073
2023-10-19,173.2678985595703,175.61815380275291,173.0012675832721,173.8406390743539,59302900,173.37056503295898,175.43385681152344,-0.002160919855365706
2023-10-20,170.7200927734375,173.22835212793277,170.4830858385587,173.11972583296543,64244000,173.2762596130371,175.33806884765625,-0.014704430580121941
2023-10-23,170.83860778808594,171.8359838309846,167.80695589693704,168.77472302133776,55980100,173.12418441772462,175.24346618652345,0.000694206597027236
2023-10-24,171.27310180664062,171.50022404547477,169.30795876796012,170.88797493724758,43816600,173.19726028442383,175.1245703125,0.002543301096749939
2023-10-25,168.96234130859375,170.89784530264086,168.51795139973865,169.73259505065448,57157000,173.23034286499023,174.99915802001954,-0.013491671918545722
2023-10-26,164.804931640625,169.2388405091802,163.600172706508,168.2414494672427,70625300,173.04271697998047,174.80797668457032,-0.024605540120775427
2023-10-27,166.11831665039062,166.8490767618186,164.7456834493569,164.82468576422622,58499100,172.89508514404298,174.69382110595703,0.00796933075176165
2023-10-30,168.1624298095703,169.0314401165317,166.7601727667049,166.90830774256386,51131000,172.72424545288087,174.61086975097658,0.012305164176938277
2023-10-31,168.63645935058594,168.76482492650203,165.80230595130433,167.23420217717043,44846000,172.64376525878907,174.51073638916014,0.0028188789942702464
2023-11-01,171.7964630126953,172.0532092124064,167.99455793411695,168.86356825336904,56934900,172.6590705871582,174.4463507080078,0.018738555554821623
2023-11-02,175.3514862060547,175.55885407348563,173.2678474852133,173.32709544733643,77334800,172.79040756225587,174.3762371826172,0.02069322692107267
2023-11-03,174.4429931640625,174.61088250590672,171.18423421755685,172.06311427874405,79829200,172.74893341064453,174.38156982421876,-0.005180982845646498
2023-11-06,176.99073791503906,177.18823614800198,174.00847994055556,174.17635419198152,63841300,172.76078033447266,174.39381439208984,0.014605027721465547
2023-11-07,179.5484161376953,180.1606652677133,176.7340169447808,176.94138484513783,70530000,172.93013763427734,174.42600708007814,0.014450915639913298
2023-11-08,180.60504150390625,181.15804266662397,179.3212801943679,180.07179468790036,49340300,173.08270721435548,174.40171508789064,0.005884904968477267
2023-11-09,180.13101196289062,181.81963914926845,179.5385022077218,180.67414339377052,53763500,173.16664352416993,174.29822448730468,-0.0026246750205218827
2023-11-10,184.3136749267578,184.48178544542023,181.475802800193,181.9108804268445,66133400,173.5515510559082,174.27404174804687,0.023220115838403554
2023-11-13,182.73159790039065,183.94782669363863,182.1482051958573,183.74018560328048,43627500,173.86377334594727,174.1868145751953,-0.008583611753147702
2023-11-14,185.342041015625,186.0045400899508,184.214801307548,185.5991254795717,60108400,174.38403854370117,174.14705627441407,0.014285668955061226
2023-11-15,185.90565490722656,187.3789832148446,185.6782334530312,185.7474572062222,53790500,174.99716491699218,174.25267364501954,0.003040939273750931
2023-11-16,187.58665466308597,188.82266388785249,186.5385061665612,187.4482222334322,54412900,175.71310272216797,174.4975747680664,0.009042219596269385
2023-11-17,187.5668487548828,188.24912816814668,186.4593894684262,188.12057839811112,50922700,176.55544052124023,174.72983428955078,-0.00010558271449923051
2023-11-20,189.30715942382807,189.7620174322178,187.75473976876387,187.76462241033667,46505100,177.47886810302734,174.97359497070312,0.009278348921986312
2023-11-21,188.5062255859375,189.37638084971888,187.61630503925363,189.2676114417462,38134500,178.34052429199218,175.26177215576172,-0.004230869240911317
2023-11-22,189.1687164306641,190.77057938008176,188.6940931656517,189.3467095850447,39617700,179.3508430480957,175.60447692871094,0.0035144242195044306
2023-11-24,187.84371948242188,188.76330300712377,187.13177703645837,188.73363999587545,24048300,180.50278244018554,175.89046447753907,-0.007004313256668282
2023-11-27,187.66575622558597,188.53591159550703,186.78571821300807,187.79430602014355,40552600,181.5801544189453,176.18730987548827,-0.0009474006228489262
2023-11-28,188.26890563964844,188.9413024556769,187.2800983304318,187.6558499360948,38415400,182.58547821044922,176.43775817871094,0.0032139556315082807
2023-11-29,187.25042724609372,189.9399842182602,186.8549103746581,188.7633011569372,43014200,183.51617660522462,176.64611114501952,-0.0054097005030884215
2023-11-30,187.82394409179688,188.18981305356235,186.08364867108205,187.71517468500207,48794400,184.3175506591797,176.93664031982422,0.003062833309049884
2023-12-01,189.0995330810547,189.4159436040849,187.11202054575708,188.19971472368127,45704800,185.00495300292968,177.28349182128906,0.006791407748494516
2023-12-04,187.3097686767578,187.9228394923183,185.35193435249076,187.8536157357217,43389500,185.64829177856444,177.5775631713867,-0.009464668553833655
2023-12-05,191.25509643554688,192.2241233156588,188.05135551468544,188.081033613139,66628400,186.36150970458985,177.92506286621094,0.021063117992514035
2023-12-06,190.16741943359372,192.5800964734148,189.95976327032972,192.27356863697855,41089700,186.89245986938477,178.3321795654297,-0.005687048461580191
2023-12-07,192.0956115722656,192.817436726138,191.4232147163821,191.4627754603769,47477700,187.46698837280275,178.80807800292968,0.010139445255212154
2023-12-08,193.5194854736328,193.79635031367133,191.50231010992096,192.02637677770835,53406400,188.13641204833985,179.30731872558593,0.0074123187391585965
2023-12-11,191.01780700683597,191.32434997590968,189.27751140798415,190.948598334338,60943700,188.47161865234375,179.74625579833983,-0.012927269110260764
2023-12-12,192.5306701660156,192.54055280703432,189.57413099725628,190.9189094878757,52696900,188.961572265625,180.1652847290039,0.00792001113867613
2023-12-13,195.74429321289065,195.7838388648497,192.66910200901864,192.9064060967763,70404200,189.48168487548827,180.6752493286133,0.016691486318018978
2023-12-14,195.8926239013672,197.3857175620074,193.964452594447,195.8036348613561,66831600,189.9810333251953,181.16329467773437,0.0007577778439507021
2023-12-15,195.35867309570312,196.1793699091571,194.7950456705572,195.3191123528845,128538400,190.36963424682617,181.6159732055664,-0.0027257320619326064
2023-12-18,193.6974639892578,194.4291868327445,192.21425301938103,193.8952224343076,55751900,190.67616500854493,181.98447296142578,-0.008503380372733793
2023-12-19,194.7357177734375,194.7456004150459,193.69746706046115,193.9644492639128,40714100,190.94759292602538,182.344111328125,0.005360182641509725
2023-12-20,192.6493377685547,195.46742966263125,192.6493377685547,194.69616113684165,52242800,191.15474853515624,182.67387268066406,-0.010713905126075396
2023-12-21,192.50099182128903,194.87413831888384,191.33420648650613,193.90511142023345,46482500,191.3213623046875,182.97281951904296,-0.0007700309224206725
2023-12-22,191.4330902099609,193.22282892375424,190.81013681243016,192.9953923922105,37149600,191.50083084106444,183.23243560791016,-0.0055475122555187495
2023-12-26,190.8892364501953,191.71983089218512,190.67169765519787,191.4429660781885,28919300,191.66200485229493,183.51790985107422,-0.0028409600407593993
2023-12-27,190.98814392089844,191.33423254727063,188.95120308408812,190.3355425015734,48087700,191.79796676635743,183.8079296875,0.0005181406376935094
2023-12-28,191.413330078125,192.4812438348005,191.00791544042357,191.9670597842524,34049900,192.006111907959,184.13746154785156,0.0022262437264308765
2023-12-29,190.3750762939453,192.2241411947973,189.5840274029703,191.72973752393827,42672100,192.1336685180664,184.47210052490234,-0.005424145662979329
2024-01-02,183.56219482421875,186.33085840634024,181.8317819713932,185.05528848269012,82488700,191.8568016052246,184.6779864501953,-0.03578662502652008
2024-01-03,182.1877593994141,183.79952025374087,181.37693010719957,182.15809638511385,58414500,191.60070114135743,184.90733978271484,-0.0074875734958433915
2024-01-04,179.87393188476562,181.04071720671112,178.85546161628733,180.11123597031312,71983600,191.03164291381836,185.08804626464843,-0.012700235857096231
2024-01-05,179.15208435058594,180.71440156415224,178.15339449300276,179.95303087035154,62379700,190.48087615966796,185.24562591552734,-0.004013074749720458
2024-01-08,183.4830780029297,183.52263874374276,179.46852282651062,180.0519155054874,59144500,190.05024948120118,185.53604064941408,0.024174955418706512
2024-01-09,183.0677947998047,183.07767744176536,180.68476543102267,181.8614486084712,42841800,189.52766494750978,185.90129791259767,-0.002263332442670074
2024-01-10,184.1060333251953,184.31367440860305,181.8614365329183,182.2866315170422,46792900,189.18207626342775,186.26105224609375,0.005671333543543211
2024-01-11,183.5127410888672,184.9564063690912,181.5647895230864,184.4521049955326,49128400,188.7311798095703,186.56805847167968,-0.0032225572710057326
2024-01-12,183.8390655517578,184.6498948423917,183.11724039185432,183.97749798089004,40477800,188.13591842651368,186.87211059570313,0.001778211479782854
2024-01-16,181.57470703125,182.19764543114704,178.9049149905355,180.12115895148446,65603000,187.4200225830078,187.0676754760742,-0.012317069354719434
2024-01-17,180.6352996826172,180.88250149305736,178.2819487070673,179.24109293861534,47317400,186.68385391235353,187.17335174560546,-0.005173668535624509
2024-01-18,186.51870727539065,187.0229935165519,183.75004409317063,184.00712853391943,78005800,186.32491607666014,187.41486602783203,0.03257064152527667
2024-01-19,189.41590881347656,189.80154302609117,186.7065866846462,187.21087293560348,68903000,186.0589256286621,187.66336944580078,0.015533034623750996
2024-01-22,191.71983337402344,193.14371820043877,190.1080727596782,190.14763349819023,60133900,186.01245040893554,187.90679779052735,0.012163310753457557
2024-01-23,192.9954071044922,193.55903452389103,191.66052626402544,192.83720939883852,42355600,186.03717117309571,188.15460510253905,0.006653321714401139
2024-01-24,192.3230133056641,194.18197579456825,192.1648005219272,193.23271418014863,53631300,186.08166732788087,188.39844512939453,-0.0034839886032316247
2024-01-25,191.99673461914065,194.07323623297103,190.9486011697228,193.03498542605584,54822100,186.1370422363281,188.55210632324219,-0.0016965140100257958
2024-01-26,190.26629638671875,192.5801018175765,189.7916731135176,192.09559590318423,44594000,186.10094985961913,188.70280029296876,-0.009012852410508643
2024-01-29,189.58404541015625,190.04878611194624,187.45811545873704,189.86091028509443,47145600,186.0094856262207,188.7876403808594,-0.0035857689434171114
2024-01-30,185.93533325195312,189.65325866018404,185.37172089064356,188.80288370915284,55859400,185.7874984741211,188.7882339477539,-0.01924588195335375
2024-01-31,182.3360748291016,185.00586682539145,182.28664653050623,184.94652570867123,55467800,185.72619247436523,188.68322235107422,-0.019357581799551382
2024-02-01,184.7685394287109,184.85752846784007,181.76257176566293,181.93066720224104,64885400,185.85523147583007,188.62725616455077,0.013340555904196139
2024-02-02,183.76983642578125,185.2332669548565,177.24370243482153,177.84687547061628,102551700,186.05002670288087,188.51650970458985,-0.005405157209217415
2024-02-05,185.579345703125,187.1317803970082,183.75994390321247,186.0440863383638,69668800,186.37138977050782,188.4579721069336,0.009846606562522231
2024-02-06,187.1812286376953,187.19111127921155,184.67954732588265,184.76853636353556,43490800,186.5562973022461,188.4182223510742,0.00863179535686509
2024-02-07,187.28997802734372,188.91162125480523,186.49892923853312,188.5062066759397,53439000,186.76740646362305,188.40714752197266,0.0005809844846083045
2024-02-08,186.2122344970703,187.41856575868687,185.25309002092848,187.27025066980107,40962000,186.8727165222168,188.37807708740235,-0.005754411109579305
2024-02-09,186.9745635986328,188.10324181676,186.1329987846296,186.7765376843336,45155200,187.0458076477051,188.35219024658204,0.0040938722615162515
2024-02-12,185.2914276123047,186.79633688725167,184.9350021289556,186.54881961012745,41781900,187.11842575073243,188.31301025390624,-0.009001951676920195
2024-02-13,183.20236206054688,184.360756090923,181.68755769129083,183.92512331150877,56529500,187.19980850219727,188.22057861328125,-0.01127448570437306
2024-02-14,182.32122802734372,183.68752828939827,180.62821823999963,183.47962222785037,54630500,187.2841049194336,188.08501251220704,-0.004809621575249889
2024-02-15,182.0341033935547,182.6578517542401,179.54903541760635,181.727184392981,65434500,187.05987472534179,187.97949920654298,-0.001574828323040789
2024-02-16,180.4994964599609,183.0142804515248,179.86585283584154,181.5984737728991,49752500,186.61405410766602,187.76438720703126,-0.00843032654313125
2024-02-20,179.75694274902344,180.6182980286837,178.2124373755958,179.98465441119404,53665600,186.01590957641602,187.55617767333985,-0.004113882451202255
2024-02-21,180.5093994140625,181.0737309260645,178.86588113831095,180.13316833455778,41371400,185.39160919189453,187.3244534301758,0.0041859671928756725
2024-02-22,182.5390167236328,183.1231689152353,180.6479964148563,181.65785591778803,52292200,184.90240936279298,187.1048440551758,0.011243831712689278
2024-02-23,180.7074279785156,183.2023913936763,180.42029946099493,183.17269052734747,45119700,184.33794403076172,186.89863647460936,-0.010033957550512507
2024-02-26,179.36094665527344,180.9450483706012,178.8560016756048,180.43022324442992,40867400,183.79267654418945,186.63524200439454,-0.007451167549140547
2024-02-27,180.8163299560547,182.09351248592515,177.77681047698752,179.30152539649055,54318900,183.3542907714844,186.3366827392578,0.008114270848371685
2024-02-28,179.6183319091797,181.30144633523983,178.34114943443706,180.69750358801917,48953900,183.0384407043457,186.01119689941407,-0.006625496973454603
2024-02-29,178.95498657226562,180.75691955299587,177.74710108364005,179.4698267249393,136682600,182.8693862915039,185.68312316894531,-0.0036930826038930054
2024-03-01,177.8758087158203,178.73716395290236,175.61845249589473,177.76690051629518,73563100,182.52474975585938,185.36669006347657,-0.006030443057866486
2024-03-04,173.36109924316406,175.14321147352493,172.06409607852763,174.4006596751229,81510100,182.00431289672852,184.9391976928711,-0.02538124495540084
2024-03-05,168.43055725097656,170.33148818677603,167.93552268101038,169.06420089624305,95132400,181.1468734741211,184.45482208251954,-0.0284408786845064
2024-03-06,167.44049072265625,169.53944760498507,167.00485787713032,169.3612273012443,68587700,180.15983657836915,183.95361206054687,-0.0058781882841189015
2024-03-07,167.32164001464844,169.03445493979737,166.81671032658778,167.47014430312151,71765100,179.1614196777344,183.47138305664063,-0.0007098086460142206
2024-03-08,169.03448486328125,171.9749911536114,167.26226790901475,167.32166963491963,76267000,178.30253219604492,183.03428802490234,0.010236839947796783
2024-03-11,171.03440856933594,172.6482257681606,170.3413633360917,171.2225240841993,60139500,177.5055244445801,182.6352133178711,0.011831453846073314
2024-03-12,171.50965881347656,172.3017170819102,169.31170429451927,171.43045147590772,59825400,176.81643600463866,182.2371398925781,0.0027786820682222935
2024-03-13,169.43052673339844,171.4700666239107,169.06419090034882,171.05423942259554,52488700,176.12784423828126,181.81824890136718,-0.012122536389272742
2024-03-14,171.28195190429688,172.57893998999515,170.34138929390355,171.1928493122845,72913500,175.5758804321289,181.57264404296876,0.01092734117395322
2024-03-15,170.90573120117188,170.90573120117188,168.5988682774061,169.47013396047814,121752700,175.01946182250975,181.34700347900392,-0.0021964993914549424
2024-03-18,171.99481201171875,175.94519331439105,171.79680120539754,173.82644596151624,75604200,174.59422760009767,181.18942108154297,0.006372406606218073
2024-03-19,174.33135986328125,174.85609525037736,171.31164624406932,172.6086342803731,55215200,174.32294845581055,181.09300659179686,0.01358499029263327
2024-03-20,176.89564514160156,176.89564514160156,173.35119593354975,173.97494430389506,53423100,174.1422607421875,180.9612579345703,0.01470925988491878
2024-03-21,169.66812133789062,175.72735394947048,169.14338597139206,175.29172116809335,106181300,173.49871597290038,180.69326446533202,-0.04085755643065969
2024-03-22,170.56907653808594,171.33143385532912,168.37112227286767,170.05423645695066,71160100,172.9917984008789,180.42252532958983,0.005310103000439881
2024-03-25,169.15330505371094,170.2324767040703,167.76719930445816,168.87608692531137,54288300,172.48141632080078,180.13533660888672,-0.00830028228510038
2024-03-26,168.02462768554688,169.71763732680742,167.8959138727621,168.31174106723407,57388400,171.8418312072754,179.8190478515625,-0.006672511470028231
2024-03-27,171.5888671875,171.87599567632833,168.42064920188324,168.71767294274684,60273300,171.44035797119142,179.6193310546875,0.021212601694458044
2024-03-28,169.77703857421875,170.51959037094832,168.81667037520145,170.0443614510728,65672700,170.98146057128906,179.40216583251953,-0.01055912684184468
2024-04-01,168.3414306640625,169.54931605122675,167.79688969325008,169.48991432845702,46240500,170.50474166870117,179.03862030029296,-0.008455842569834116
2024-04-02,167.1632843017578,167.65831891419413,166.55934147029518,167.40090635433992,49329500,170.19485092163086,178.5935678100586,-0.006998552629956967
2024-04-03,167.96519470214844,168.98496453257434,166.90582876011774,167.11373478373662,47691700,170.17158279418945,178.1184750366211,0.004797168252228312
2024-04-04,167.14346313476562,170.2126681045212,167.14346313476562,168.59885072968464,53704400,170.15673141479493,177.60143615722657,-0.004892272883319615
2024-04-05,167.89590454101562,168.69785802201392,167.27215623034843,167.90579979250484,42104800,170.1854446411133,177.11289398193358,0.00450176986965567
2024-04-08,166.77713012695312,167.51968192191484,166.5692240844266,167.3513719945941,37425500,170.07257690429688,176.60850189208983,-0.0066635003225418155
2024-04-09,167.98501586914062,168.39094781013864,166.67813256359855,167.02464767080627,42373800,169.92010726928712,176.16287628173828,0.007242514254010901
2024-04-10,166.11378479003906,167.4107728345435,165.45044033625643,167.12365945587084,49709300,169.65031356811522,175.69347106933594,-0.011139273758554946
2024-04-11,173.3016815185547,173.7175238179071,166.49001666248702,166.66822184170525,91070300,169.84387130737304,175.44079803466798,0.04327092262451804
2024-04-12,174.7967071533203,176.58872985356905,172.47994902506244,172.52944039553972,101670900,170.0196090698242,175.29001068115235,0.008626723189674168
2024-04-15,170.9750518798828,174.875926929409,170.78693631547566,173.61853482041673,73531800,170.02307510375977,175.01414093017578,-0.021863428297224097
2024-04-16,167.69789123535156,172.03438316124112,166.59891404642835,170.0443499195711,73711200,169.8082290649414,174.6927020263672,-0.01916747857946899
2024-04-17,166.3316192626953,168.95529649982927,166.3316192626953,167.92563121825307,50901200,169.40824203491212,174.30774749755858,-0.00814722214210073
2024-04-18,165.38113403320312,166.96525061902096,164.89600984807865,166.36130787024413,43122900,168.8325164794922,173.87174560546876,-0.005714398944142052
2024-04-19,163.3614044189453,164.7474951408098,162.4505426435407,164.55939469854349,68149400,168.5171806335449,173.3931741333008,-0.012212575672944204
2024-04-22,164.1930389404297,165.59893510418706,163.13367296874276,163.8762247169617,48116400,168.1983787536621,172.95279022216798,0.005090765009289511
2024-04-23,165.24252319335938,165.39104261951863,163.28219064755024,163.70792820716713,49537800,168.00283966064453,172.5181494140625,0.006391770684690545
2024-04-24,167.3415069580078,167.618725136268,164.5594148143738,164.88612436876372,48251800,167.96868362426758,172.15915100097655,0.012702443197337931
2024-04-25,168.20285034179688,168.91570135131437,166.48012455092012,167.84642483703811,50558300,167.79938278198242,171.85916076660158,0.005147218998124536
2024-04-26,167.6186981201172,169.63843239437367,167.49987955768665,168.19293999888993,44838400,167.69146575927735,171.56511016845704,-0.0034729032266258564
2024-04-29,171.7769775390625,174.28185098854456,171.38095596804143,171.64826373021612,68169400,167.86324310302734,171.35996765136719,0.024807968714596784
2024-04-30,168.6384735107422,173.2521991943247,168.31174889120035,171.60868084411632,65934800,167.93700256347657,171.1227471923828,-0.018270807143562662
2024-05-01,167.6186981201172,170.99483730573115,167.43058257791944,167.8959162536964,50383100,167.919677734375,170.87998229980468,-0.006047109947067031
2024-05-02,171.3116455078125,171.69777183075684,169.19289835753364,170.79680537480178,94214900,168.12808685302736,170.69602722167969,0.022031834330612066
2024-05-03,181.55889892578125,185.14294467827904,180.8460478767281,184.7964144073686,163224100,168.8112365722656,170.67642486572265,0.05981644381263873
2024-05-06,179.9054412841797,182.37070337959045,178.62824383792136,180.5390848280799,78569700,169.46765213012696,170.66038513183594,-0.009107004125848306
2024-05-07,180.58859252929688,183.06376520709568,179.51933122687228,181.6281680754234,77305800,170.09783096313475,170.6849380493164,0.0037972795055045694
2024-05-08,180.9252166748047,181.25194126160503,179.64801918938014,181.0341248704048,45057100,170.83840255737306,170.6871157836914,0.00186403881215913
2024-05-09,182.737060546875,182.826163139894,180.3014839202349,180.7470119925852,48983000,171.31017150878907,170.7494903564453,0.010014324732449564
2024-05-10,181.4779815673828,183.5004555242596,180.56588428269347,183.31208481142477,50759500,171.64423522949218,170.79995025634764,-0.006890112907169232
2024-05-13,184.6802215576172,185.4931866387208,183.0344740478803,183.84743912898392,72044800,172.3294937133789,170.9360385131836,0.01764533615911623
2024-05-14,185.8203125,186.68285108112164,184.69010361608505,185.8996272619275,52393600,173.23561477661133,171.1852227783203,0.006173324532357194
2024-05-15,188.09066772460935,189.0126735344407,185.76084369802737,186.2962145979737,70400000,174.32356719970704,171.57842498779297,0.012218014242169284
2024-05-16,188.2096405029297,189.458829238671,188.0311936136785,188.83423487080037,52845200,175.46499252319336,171.99380798339843,0.0006325288742901058
2024-05-17,188.2393798828125,189.1713095252472,187.55530322495105,187.8824709799172,41282900,176.70889129638672,172.41216278076172,0.00015801199026443946
2024-05-20,189.3993225097656,190.27176982167657,187.38675756521695,187.7040166341828,44361300,177.9692054748535,172.8194595336914,0.006162061454278112
2024-05-21,190.69808959960935,191.07481584379752,189.28036268210627,189.44890089382773,42309400,179.24198379516602,173.21273315429687,0.006857295330487734
2024-05-22,189.2605438232422,191.1640681663492,188.63596455316463,190.6187885434668,34648500,180.33793563842772,173.56775085449217,-0.007538333390677554
2024-05-23,185.27505493164065,189.35966699130785,185.0272019643745,189.33983451815809,51005900,181.19154586791993,173.88464141845702,-0.021058213249792512
2024-05-24,188.34844970703125,188.94330296502372,186.4251079843019,187.1984232707908,36327000,182.22803344726563,174.22597137451172,0.01658828154996117
2024-05-28,188.35836791992188,191.3425125399711,187.4760118609873,189.86530324069457,52280100,183.0571029663086,174.5750241088867,5.265885068905796e-05
2024-05-29,188.65577697753903,190.59895109353056,187.8824768517226,187.9816240997488,53068000,184.05796813964844,174.90824340820313,0.0015789532522578753
2024-05-30,189.64720153808597,190.52955764421512,188.99288109200768,189.12175436970267,49889100,185.15939331054688,175.21456024169922,0.005255203823760768
2024-05-31,190.59896850585935,190.9162276263297,188.27906791647348,189.79592715782172,75158300,186.1237594604492,175.48862670898438,0.00501861857203445
2024-06-03,192.36363220214844,193.31539419555028,190.86660581567375,191.2433320164476,50080500,186.66399612426758,175.94253692626953,0.009258516507841597
2024-06-04,192.6809234619141,193.64259428823092,191.3722523931234,192.96842627855952,47471400,187.3027702331543,176.38477386474608,0.0016494347509108387
2024-06-05,194.1878204345703,195.20897335736615,193.19640865494375,193.7218556879264,54156800,187.98273162841798,176.88546417236327,0.007820685855048248
2024-06-06,192.80979919433597,194.8124556459051,192.5024638984892,194.0094143560484,41181800,188.57696075439452,177.38116760253905,-0.007096331979783765
2024-06-07,195.1990966796875,195.24867030234284,192.4727138388465,192.97832848334124,53103900,189.20006256103517,177.8533721923828,0.01239199198036256
2024-06-10,191.46148681640625,195.6055969774052,190.4998159349584,195.20902308787944,97010200,189.69923782348633,178.28706115722656,-0.019147680121770705
2024-06-11,205.37098693847656,205.38091074009856,191.96710777388117,191.9869251216324,172373300,190.7337760925293,179.02765228271485,0.07264907607976645
2024-06-12,211.2401428222656,218.30889945026047,205.1231180281253,205.58908283581823,198134300,192.00476760864257,179.909189453125,0.02857831075013184
2024-06-13,212.40011596679688,214.8885546834631,209.7827888470424,212.8958219752939,97862700,193.22024002075196,180.79788787841798,0.005491253362327253
2024-06-14,210.6651306152344,213.3221073788285,209.4853479747781,212.01345147179217,70122700,194.3430145263672,181.66832122802734,-0.008168476479710085
2024-06-17,214.8092193603516,217.0696373326701,210.8931452933454,211.5375569916551,93728300,195.67150650024413,182.60658752441407,0.019671450766506338
2024-06-18,212.4496612548828,216.75240063817128,211.1707464886947,215.72132373307372,79943300,196.8240234375,183.52003814697267,-0.01098443592176801
2024-06-20,207.8792724609375,212.4001241396946,207.05641376758703,212.09277369529264,86172500,197.6830825805664,184.3179232788086,-0.021512808102160608
2024-06-21,205.7080535888672,210.0702597495804,205.3313122387871,208.58314195009936,241805100,198.50545806884764,185.10980865478516,-0.010444614541732622
2024-06-24,206.35247802734372,210.87331399723783,204.8157865138524,205.93608683303725,80727000,199.5593292236328,185.77082458496093,0.0031327137038810182
2024-06-25,207.2745056152344,209.5646648210329,206.81844945769743,207.3538052595708,55549700,200.50563201904296,186.42038055419923,0.004468216697492311
2024-06-26,211.41860961914065,213.0147835489249,208.83102368645305,209.68363861405976,66213200,201.6586441040039,187.22925170898438,0.019993312692295095
2024-06-27,212.2613067626953,213.88722177256452,210.5263358320774,212.8462361886446,49772700,202.83892059326172,188.12052001953126,0.003985917536174943
2024-06-28,208.8111724853516,214.21437951883613,208.4939285392998,213.9169529190877,82542700,203.797119140625,188.97011108398436,-0.0162541837227117
2024-07-01,214.88853454589844,215.6420021622164,210.10001313722785,210.26855134899324,60402900,205.01159744262696,189.96025909423827,0.02910458280661765
2024-07-02,218.3782958984375,218.48735180877676,213.2526983679821,214.293668724795,58046200,206.3123306274414,191.06059692382811,0.0162398676128237
2024-07-03,219.64730834960935,219.64730834960935,217.1489461385908,218.11061688690268,37369800,207.66064987182617,192.16968231201173,0.0058110740627908
2024-07-05,224.3961639404297,224.5052198536283,219.7464397478406,219.7464397478406,60412400,209.17106704711915,193.35275512695313,0.021620367790993633
2024-07-08,225.8634796142578,225.89322076278884,221.3327197032473,225.13973799267995,59085900,210.82375106811523,194.52319458007813,0.00653895168287133
2024-07-09,226.71609497070312,227.42991284004063,224.4259356098064,225.9725359507888,48076100,212.39960098266602,195.69345947265626,0.0037749146426924174
2024-07-10,230.9791412353516,231.07828847688276,227.28117906796425,227.3307526887298,62627700,214.37548370361327,196.96066833496093,0.018803456654453043
2024-07-11,225.61561584472656,230.39421338925845,223.83107137940016,229.40280147827104,64710600,215.3877151489258,198.03744110107422,-0.02322082142109949
2024-07-12,228.56008911132807,230.64206011910093,226.7160624017349,226.9540066999144,53046500,216.25371246337892,199.23587341308593,0.013050839834721106
2024-07-15,232.3869781494141,235.19267606238645,231.0882307861392,234.44911702590872,62631300,217.25305557250977,200.53123901367186,0.016743470187492004
2024-07-16,232.8033599853516,234.24090427881208,230.33473879844303,232.98180687397965,43234300,218.35996704101564,201.76107330322264,0.001791760619520577
2024-07-17,226.9143829345703,229.47222770464356,224.6936146131452,227.4794799069808,57345900,218.96522521972656,202.66818298339842,-0.025295928079181573
2024-07-18,222.25473022460935,228.46097889584823,220.36114484151932,228.3023493485251,66034600,219.4554786682129,203.51516876220703,-0.020534849530911226
2024-07-19,222.3836212158203,224.85224251867805,221.36246807560823,222.8892510128404,49151500,220.18069610595703,204.3510693359375,0.000579924625589312
2024-07-22,222.0366058349609,225.8237912569016,221.17406723372827,225.06039989232605,48201800,220.99712371826172,205.1732971191406,-0.0015604358763572357
2024-07-23,223.0775909423828,224.9910238167192,220.76759935066607,222.44308791792704,39960300,221.83337936401367,205.98010772705078,0.004688349038246775
2024-07-24,216.6631774902344,222.86942645430565,215.2652980307627,222.07629380801336,61777600,222.30281295776368,206.6838116455078,-0.028754181112728316
2024-07-25,215.62217712402344,218.95332167523745,212.77681471652627,217.0497975364767,51391200,222.51299133300782,207.30265075683593,-0.0048046944490965915
2024-07-26,216.0881500244141,217.6050090608147,214.15488466672127,216.8217851678197,41601300,222.70433349609374,207.9080075073242,0.002161062032699057
2024-07-29,216.36573791503903,217.41663210574904,213.8971168447476,215.0967318967012,36311800,223.08206176757812,208.47350891113283,0.0012846048734906912
2024-07-30,216.92092895507807,218.43778796730905,214.2639371695869,217.3075789949067,41643800,223.1836814880371,209.04773468017578,0.0025659840850451587
2024-07-31,220.17274475097656,221.8978068103832,218.73520059867647,219.5382417741392,50036300,223.27340393066407,209.68640197753905,0.014990788632349483
2024-08-01,216.48471069335935,222.55214689360596,215.1562223313537,222.44309097566543,62501000,223.11527404785156,210.22810974121094,-0.016750638512448512
2024-08-02,217.9718170166016,223.6625266661827,215.8402875210575,217.2679079240609,105568600,222.79405670166017,210.77358428955077,0.006869336492537181
2024-08-05,207.4727783203125,211.66644653820467,194.3167378055649,197.3801970311264,119548600,221.8745216369629,211.13782897949218,-0.04816695497606205
2024-08-06,205.4502868652344,208.18659343179937,199.343200967242,203.5368691310161,69660500,220.81123123168945,211.54133361816406,-0.009748225629656382
2024-08-07,208.01806640625,211.80525225793107,204.61751548926864,205.12313014700663,63516400,219.66317749023438,211.93472595214843,0.012498301074166607
2024-08-08,211.4780731201172,212.36042911915672,207.03655197769595,211.2797937627113,47161100,218.9563003540039,212.39712005615235,0.016633202940700142
2024-08-09,214.3829040527344,214.9182597959333,210.1495712142523,210.2784595957283,42201600,218.24744110107423,212.91166259765626,0.013735849252642485
2024-08-12,215.9114532470703,217.8767166928247,213.9958208022464,214.46232494953352,38028100,217.42366485595704,213.43694763183595,0.007129995747981344
2024-08-13,219.6236267089844,220.2390087017958,217.38043273085665,217.38043273085665,44155300,216.76467819213866,214.01744079589844,0.017193036340069412
2024-08-14,220.0702972412109,221.3705477847693,218.06532277692483,218.92885985517657,41960600,216.4224739074707,214.57157409667968,0.002033800001028041
2024-08-15,223.04795837402344,223.67327566716008,221.1025352094067,222.9288560878089,46414000,216.4621353149414,215.17891479492187,0.01353049989090005
2024-08-16,224.36810302734372,225.1422983120676,221.9859508745138,222.25394621007445,44340200,216.56135940551758,215.78252044677734,0.0059186583143100435
2024-08-19,224.2092437744141,224.30850577318623,221.3804434072076,224.04051049270504,40687800,216.66999130249025,216.41050933837892,-0.0007080295763354227
2024-08-20,224.8246612548828,225.4797542015927,223.7725505409132,224.09017687092657,30299000,216.75734481811523,217.00302062988283,0.0027448354497279226
2024-08-21,224.7154998779297,226.283745950568,223.37555343057215,224.83461733532877,34765500,217.1599609375,217.66810089111328,-0.00048554004860423827
2024-08-22,222.859375,226.64102413052157,222.2340576918725,226.09511339685903,43695300,217.52182083129884,218.01786865234374,-0.008259888075980437
2024-08-23,225.15219116210935,226.52192810531065,222.66087229355688,223.98097823318813,38677300,217.9750228881836,218.29610961914062,0.010288174603870104
2024-08-26,225.4896545410156,225.58891654674125,222.22414052811973,225.0727813784282,30602200,218.43121871948242,218.557900390625,0.0014988234276755996
2024-08-27,226.3333282470703,227.14723425887112,223.21669220638535,224.31843379232603,35934600,218.90183868408204,218.8712643432617,0.003741518464658755
2024-08-28,224.80479431152344,228.14971479709,224.0008084384826,226.22414704916855,38052200,219.13344116210936,219.07117584228516,-0.006753463784521796
2024-08-29,228.0802459716797,231.1869621230462,227.1770283167567,228.3879521456165,51906300,219.71321792602538,219.3837875366211,0.014570203763614176
2024-08-30,227.29612731933597,228.68570457235603,225.78743262658827,228.4772755570311,52990800,220.1794334411621,219.77212463378908,-0.0034379069042265176
2024-09-03,221.11248779296875,227.2961293418145,219.52438650802387,226.84948058831637,50190600,220.8614189147949,220.08021331787108,-0.027205212861720285
2024-09-04,219.20675659179688,220.1298295937355,215.86182100754212,220.01072730838987,43840200,221.54924240112305,220.33729888916017,-0.008618831166859464
2024-09-05,220.7253875732422,223.80231295165623,219.8717857931132,219.9809679444758,36615400,222.18460845947266,220.60631652832032,0.006927847503684692
2024-09-06,219.177001953125,223.56411324365837,218.13481142105056,222.2837029728863,48423000,222.56955490112304,220.761484375,-0.007014986527561939
2024-09-09,219.2663116455078,219.62363365317324,215.0975649862482,219.17698492990527,67180000,222.81372528076173,220.90158447265625,0.00040747747978553406
2024-09-10,218.4722595214844,219.83206111139577,215.1174037589381,217.29111136152255,51591000,222.94176559448243,221.09480621337892,-0.0036214050305509726
2024-09-11,221.0032958984375,221.43008920211523,216.26878297144037,219.8122275598596,44587100,223.01074905395507,221.2171014404297,0.01158516134953147
2024-09-12,221.11248779296875,221.8866830044339,218.1844402475294,220.84449248276732,37455600,223.06285858154297,221.27178527832032,0.0004940736023295589
2024-09-13,220.844482421875,222.37301734416337,220.2588759685165,221.91644846858935,36766600,222.95268478393555,221.29572875976564,-0.001212077046253035
2024-09-16,214.71047973632807,215.60377723416104,212.32832783334672,214.92882889414332,59357400,222.46980361938478,221.1020150756836,-0.027775213662930787
2024-09-17,215.17697143554688,215.28615358843467,212.904016801209,214.14471619981745,45519300,222.0181900024414,220.88828491210938,0.002172654542953234
2024-09-18,219.04795837402344,221.0529328037412,215.92138686335736,215.9313221513165,59894900,221.72935485839844,220.73492218017577,0.017989782608479832
2024-09-19,227.1670837402344,228.11002736409569,222.9586412306041,223.31596324984213,66781300,221.85193405151367,220.65868103027344,0.03706551490586185
2024-09-20,226.5020751953125,231.3556905514529,225.92638886705737,228.2589097535001,318679900,222.0340690612793,220.67641021728517,-0.0029273983447458685
2024-09-23,224.78494262695312,227.742765583781,224.12984974700805,225.64846451262724,54146000,222.01570663452148,220.60090728759766,-0.007581089784182704
2024-09-24,225.67825317382807,227.64353192764617,224.050456167142,226.94872814757065,43556100,222.0251365661621,220.46673278808595,0.003974067552902971
2024-09-25,224.68569946289065,225.59885242729763,222.3531936181764,223.2564112941643,42308700,221.94275512695313,220.30437957763672,-0.004398091960473027
2024-09-26,225.8271331787109,226.7998372114188,223.73283210674717,225.60876888531143,36636700,221.9938720703125,220.28263458251953,0.0050801351334279765
2024-09-27,226.0951385498047,227.81227751628776,225.60879405182703,226.76016679177644,34026000,221.89461669921874,220.35944274902343,0.0011867722329081953
2024-09-30,231.266357421875,231.266357421875,227.9412771261621,228.3283747151782,54541900,222.0931282043457,220.53709747314454,0.022871871130175414
2024-10-01,224.52688598632807,227.9412778656533,222.07526286618744,227.81225543239975,63285000,222.26384811401368,220.58690307617186,-0.02914159893673085
2024-10-02,225.0926513671875,225.67825786117984,221.3606329474616,224.2092739820147,32880600,222.5581428527832,220.62720428466798,0.0025198112839541764
2024-10-03,223.99090576171875,225.1224230122484,221.65839996957536,223.4648504260935,34044200,222.72141876220704,220.77375885009766,-0.00489463160514958
2024-10-04,225.11248779296875,226.3035561118749,222.4623558611945,226.20429410810965,37245100,223.01819305419923,220.96356506347655,0.005007265930890625
2024-10-07,220.04052734375,224.01076551273388,219.6832053027312,222.8296172342201,39505400,223.05690383911133,221.04261260986328,-0.022530782272209282
2024-10-08,224.09017944335935,224.29860847272343,221.58892507419037,222.6311156567822,31855700,223.3377998352051,221.1971014404297,0.018404119225195803
2024-10-09,227.83209228515625,228.0405364361267,223.15714569962597,223.55416342639623,33591100,223.67923965454102,221.41532470703126,0.016698245550482493
2024-10-10,227.3358154296875,227.7923994519787,225.47973405841245,226.0851959438118,28183500,223.99040603637695,221.55858612060547,-0.00217825702468466
2024-10-11,225.85693359375,227.70309500312143,225.64848941975737,227.5939128444124,31759200,224.24102859497071,221.74603057861327,-0.006505274292756158
2024-10-14,229.5790100097656,230.0058033150611,226.89910245149323,226.9983493120185,39882100,224.98445510864258,221.97817443847657,0.01647979699711377
2024-10-15,232.11004638671875,235.7229623804217,230.6410474142004,231.87182665313995,64751400,225.83110885620118,222.47091979980468,0.011024685474710916
2024-10-16,230.05545043945312,230.39291705034768,228.1298824963092,229.8767969908349,34082200,226.38148345947266,222.96302307128906,-0.008851818261422673
2024-10-17,230.42266845703125,232.1100316250369,228.80480686495972,231.69314333147315,32993800,226.5442626953125,223.41111511230469,0.0015962152467010604
2024-10-18,233.25148010253903,234.4226930307779,232.26884075534687,234.4226930307779,46431500,226.88173294067383,223.84658325195312,0.012276620457744913
2024-10-21,234.7204742431641,235.08773156933623,232.7055796017645,232.7055796017645,36254500,227.37850952148438,224.2533346557617,0.00629789847412443
2024-10-22,234.1050720214844,234.46239402859047,230.8693336731526,232.14972869721717,38846600,227.7998504638672,224.61720703125,-0.0026218514753091338
2024-10-23,229.04302978515625,233.39044533687328,226.0653512199268,232.33833466706656,52287000,228.01771697998046,224.80559509277344,-0.021622949868696506
2024-10-24,228.85446166992188,229.10260155629064,226.710529416834,228.26884002769643,31109500,228.16908340454103,224.98127838134766,-0.000823286853178895
2024-10-25,229.68817138671875,231.48470145399645,227.8618657494506,228.03059902781465,38802300,228.3487350463867,225.11408264160156,0.003642969032429555
2024-10-28,231.6633758544922,232.98348177622344,230.81970938626557,231.5839844241638,36087100,228.36858596801758,225.25998809814453,0.008599504518880252
2024-10-29,231.931396484375,232.58648944554815,230.59145013134693,231.36564539627625,35417200,228.73881149291992,225.41443115234375,0.0011569400164967991
2024-10-30,228.38792419433597,231.7328445287285,227.842013494816,230.8792428381849,47070900,228.90357513427733,225.4856964111328,-0.015278105266260278
2024-10-31,224.2291412353516,228.11997302154123,223.6931505739168,227.63361336879595,64370100,228.91548690795898,225.47596923828124,-0.01820929444345598
2024-11-01,221.25143432617188,223.67328184782377,218.6310779402587,219.3258665378009,65276700,228.72243423461913,225.4438104248047,-0.013279749870041657
2024-11-04,220.35812377929688,221.13231895883283,218.0752491010658,219.34572401852256,44944500,228.7383140563965,225.34792907714845,-0.0040375356191276746
2024-11-05,221.7874298095703,222.28370958768312,219.49461965793012,220.14971259990077,28111300,228.62317657470703,225.27388458251954,0.006486286984840106
2024-11-06,221.0628662109375,224.3879467919736,219.54425129715867,220.95368405362797,54561100,228.2847152709961,225.16847534179686,-0.003266928153930704
2024-11-07,225.7874298095703,226.18446269494837,222.899093187882,222.95864433437472,42137700,228.20729598999023,225.18812805175781,0.021372036288196172
2024-11-08,225.51914978027344,227.20835428792037,224.9726384261151,225.72780810336752,38328800,228.1904067993164,225.13690612792968,-0.0011881973656511224
2024-11-11,222.80648803710935,224.26715706282303,220.093823487321,223.5716039938927,42005600,227.8517807006836,225.04711334228514,-0.012028520619233762
2024-11-12,222.80648803710935,224.1578547832826,221.9420160201473,223.1244638182889,40398300,227.38660278320313,225.08099334716798,0.0
2024-11-13,223.6908416748047,225.2111273985325,221.34582330978657,222.58788780053936,48566200,227.0683723449707,225.17067504882812,0.003969155680727088
2024-11-14,226.7711334228516,227.41700079571672,223.5715745650122,223.5914518391994,44923900,226.88579559326172,225.29158996582032,0.013770307827465578
2024-11-15,223.5715789794922,225.4793879673537,222.84621765747357,224.96268496170848,47923700,226.40180053710938,225.37948150634764,-0.014109178690716817
2024-11-18,226.57241821289065,228.28149999782983,223.74050538640265,223.8199993254601,44633700,225.9943977355957,225.52560363769533,0.013422275081188761
2024-11-19,226.8307647705078,228.6988344551977,225.22105418122663,225.5390147792205,36211800,225.63068237304688,225.69277374267577,0.0011402383381653447
2024-11-20,227.5462188720703,228.470307592388,224.45596175602088,226.6121839320157,35169600,225.55584182739258,225.82363220214845,0.0031541316817687015
2024-11-21,227.0692443847656,228.69883223369172,224.2770861035494,227.42695953023323,42108300,225.46658096313476,225.94276733398436,-0.0020961652963035204
2024-11-22,228.41065979003903,229.25526960886552,226.6121530455377,226.6121530455377,38168300,225.40270538330077,226.09409088134765,0.0059075169290669916
2024-11-25,231.39161682128903,231.7692092379923,228.2814979784893,229.99057974831032,90152800,225.3891174316406,226.42771362304688,0.013050866513805381
2024-11-26,233.56771850585935,234.07449047305911,231.84870566104107,231.84870566104107,45986200,225.47093353271484,226.79552856445312,0.009404410213577297
2024-11-27,233.4385223388672,234.19370712659864,232.32563759305356,232.98145117337265,33498400,225.7234634399414,227.08333984375,-0.0005531422228149951
2024-11-29,235.8233184814453,236.3002669685808,232.48464874765904,233.31931239062584,28481400,226.30317230224608,227.25646453857422,0.010215949444352113
2024-12-02,238.06895446777344,239.26133321145704,235.654388648958,235.76369091824088,48137100,227.14404830932617,227.48780212402343,0.009522535772919394
2024-12-03,241.10952758789065,241.21882985808796,237.3833345065081,238.28756099978403,38861000,228.18161849975587,227.8142938232422,0.012771817001148822
2024-12-04,241.46725463867188,242.56027739454964,239.7184333911867,241.32814402991647,44383900,229.16560974121094,228.13007385253906,0.0014836703234417659
2024-12-05,241.4970703125,242.9875476638645,240.5928589090645,242.44105143123323,40033900,230.18731994628905,228.46630126953124,0.00012347708956528258
2024-12-06,241.2983245849609,243.0769692456264,240.5431549096241,241.36788746709487,36870600,230.9628646850586,228.77572509765625,-0.0008229736587773706
2024-12-09,245.1835174560547,245.67041216886827,240.21525975684384,240.29475369946152,44649200,231.94608306884766,229.15749267578124,0.01610120119058589
2024-12-10,246.1970367431641,246.63424582967983,243.7824557106041,245.32261857013248,36914800,233.1156105041504,229.45610626220704,0.004133717052538177
2024-12-11,244.9251708984375,249.207806563516,244.69662013013263,246.3858398593606,45205800,234.2215446472168,229.86407196044922,-0.005166048550183877
2024-12-12,246.3858184814453,247.1608653940442,244.1202792424049,245.32260415969785,32777500,235.35629348754884,230.28993530273436,0.00596364831613605
2024-12-13,246.5547637939453,247.7073880681415,244.676762972136,246.24673423955156,33155300,236.34547500610353,230.7412124633789,0.0006856941423871721
2024-12-16,249.44625854492188,249.78411156803347,246.07778066556844,246.41563368868003,51694800,237.639208984375,231.22788787841796,0.011727596362295811
2024-12-17,251.87075805664065,252.2185421189052,248.19425082976372,248.49234928857376,51356400,238.9041259765625,231.8644924926758,0.009719526465786554
2024-12-18,246.47528076171875,252.6657259429232,246.16725119368888,250.55918941684527,56774100,239.88635177612304,232.31219451904298,-0.021421610577392114
2024-12-19,248.20420837402344,250.4001849209636,245.52135228225407,245.92875304737493,60882300,240.91925125122071,232.7196368408203,0.007014608552068813
2024-12-20,252.8743896484375,253.3811464831127,244.13025293349912,246.4653249902114,147495300,242.2095085144043,233.2304083251953,0.01881588271612422
2024-12-23,253.6494140625,254.02699130961165,251.84096111600803,253.15258832932108,40858800,243.47144622802733,233.7862579345703,0.003064859257357
2024-12-24,256.560791015625,256.57070690893096,253.66924678278625,253.86798918256417,23234700,244.72990493774415,234.3258935546875,0.011477956548354706
2024-12-26,257.3755798339844,258.4487403486908,255.9944201288889,256.55086249805703,27237100,245.9202980041504,234.83120422363282,0.003175811920184346
2024-12-27,253.96739196777344,257.0576640072936,251.4534547993944,256.19316170058187,42355300,246.9467414855957,235.30944305419922,-0.013242079409434782
2024-12-30,250.598876953125,251.89062678955744,249.15808547329988,250.62868528180357,35557500,247.68551940917968,235.7129672241211,-0.01326357288842761
2024-12-31,248.8302001953125,251.6720440162376,247.84647977817443,250.837380417288,39480700,248.22358169555665,236.02454162597655,-0.007057800016172178
2025-01-02,242.3019256591797,247.5185960625861,240.28481431614932,247.34966196417784,55740700,248.2832015991211,236.17617065429687,-0.02623586096466035
2025-01-03,241.8150177001953,242.6298040057451,240.3543488544026,241.8150177001953,40244100,248.30058975219725,236.3303695678711,-0.0020095092420736593
2025-01-06,243.44464111328125,245.7598511522788,241.65606520741187,242.7590190858713,45045600,248.39796829223633,236.6184017944336,0.006739132368967837
2025-01-07,240.67233276367188,243.99112508347835,239.81779188041267,241.43743349025635,40856000,248.36666870117188,236.8547592163086,-0.011387838881692036
2025-01-08,241.15921020507807,242.16280789951685,238.52603985831155,240.3841632667122,37628900,248.16545333862305,237.0841799926758,0.0020229888322238487
2025-01-10,235.3463592529297,238.63534322792128,231.52079498772144,238.4862864086752,61710900,247.62291946411133,237.15783966064453,-0.024103789970141398
2025-01-13,232.91189575195312,233.180185891021,228.26161420500543,232.04742383507852,49630700,247.02225570678712,237.1774496459961,-0.010344173195219075
2025-01-14,231.79904174804688,234.62100862534365,230.99418638589503,233.25971079858908,39435300,246.29291687011718,237.2456719970703,-0.004778004147505732
2025-01-15,236.35989379882807,237.4429855317883,232.94172997653556,233.1504034772107,39832000,245.78317337036134,237.48828704833986,0.019675888288350096
2025-01-16,226.81088256835935,236.4989845496957,226.58234697208556,235.84318609247865,71759100,244.6514045715332,237.5994760131836,-0.04040030259362071
2025-01-17,228.5199737548828,230.8153063545454,227.02949646555183,230.6463874145182,68488300,243.4838653564453,237.76271301269531,0.007535313857827575
2025-01-21,221.22657775878903,222.99527628303537,217.9872792040061,222.57794445660952,98070400,242.22143020629883,237.75149597167967,-0.03191579220080287
2025-01-22,222.4090118408203,222.6971640978084,218.39465138442915,218.39465138442915,64126500,240.93167037963866,237.77841888427736,0.005344900662525909
2025-01-23,222.2401123046875,225.58871322146769,220.8887455720124,223.3132578125695,60234800,239.39995651245118,237.7074725341797,-0.0007594095883745045
2025-01-24,221.3656768798828,224.19758968028435,220.00437919561992,223.35297985225768,54697900,237.7857696533203,237.6244030761719,-0.00393464265175425
2025-01-27,228.40074157714844,230.67619691244207,222.55806572164707,222.59782027357136,94863400,236.37776718139648,237.73628814697267,0.031780286792531864
2025-01-28,236.74740600585935,238.66516132615985,229.3447052045828,229.3844597561093,75707600,235.34635848999022,238.01510650634765,0.0365439462721342
2025-01-29,237.84043884277344,238.33726462451705,232.52439691334908,232.63369919180943,45486100,234.54001083374024,238.29809844970703,0.004616873550399303
2025-01-30,236.0816650390625,239.26134692510684,235.7040877651042,237.1548105184623,55658300,233.81415023803712,238.48430908203125,-0.007394763532510895
2025-01-31,234.5017547607422,245.62071750771997,231.95800933839703,245.62071750771997,100959800,233.09772796630858,238.70291259765625,-0.006692219313426562
2025-02-03,226.56246948242188,230.35822543026035,224.2671369795404,228.52991033796465,73063300,232.3107551574707,238.70271362304686,-0.033855973855805965
2025-02-04,231.3220672607422,231.64997406812492,225.21110156992967,225.80729852188347,45067300,231.78610763549804,238.79253967285158,0.021007882678863554
2025-02-05,230.99415588378903,231.19288314320295,226.82082278842495,227.07916670947125,39620300,231.16358337402343,238.86149841308594,-0.0014175533741168644
2025-02-06,231.7393951416016,232.3157148088948,228.9670990724139,229.82163993606684,29925300,230.71693649291993,238.95490142822266,0.0032262255941553075
2025-02-07,226.1848907470703,232.5144458089444,225.81722939017396,231.1233398047693,39707200,229.96822052001954,238.9103860473633,-0.023968753310749213
2025-02-10,226.45346069335935,229.378010419489,226.0058289386349,228.3633824897372,33115600,229.52357559204103,238.81162292480468,0.0011873911886950417
2025-02-11,231.3973388671875,233.9936212519964,226.9309481287188,227.000572314181,53718400,229.44784774780274,238.76821533203125,0.021831762511780095
2025-02-12,235.625,235.7145384932868,229.4675323792709,229.9848034951756,45243300,229.6391456604004,238.8119448852539,0.018270137217260674
2025-02-13,240.26052856445312,241.06626881430705,234.33186254170715,235.66481592241837,53614100,229.83417739868165,238.90068908691407,0.01967333077751987
2025-02-14,243.31439208984372,244.25939586817944,239.7233655892969,239.981993568851,40896200,230.65935287475583,239.00559783935546,0.012710633509537717
2025-02-18,243.18508911132807,243.89134891584123,240.56890729516903,242.8667637165237,48822500,231.39260864257807,239.04710906982422,-0.0005314234698780007
2025-02-19,243.58294677734372,244.7169542759842,241.8819431186772,243.37405904734027,32204200,232.51042709350583,239.08942291259766,0.0016360282099101564
2025-02-20,244.5379180908203,245.4829218502696,243.00600383864503,243.65259654249155,32316900,233.61687240600583,239.15023986816405,0.003920517943111657
2025-02-21,244.2593994140625,247.38289505871285,243.93113206298463,244.65729095432025,53197400,234.71783676147456,239.2094613647461,-0.00113895905768846
2025-02-24,245.8012542724609,247.55199828948733,243.1353323966777,243.64264638435856,51326400,235.93961563110346,239.2218161010742,0.0063123665336812795
2025-02-25,245.74156188964844,248.68601093773057,243.62276739789988,246.69652285022872,48013300,236.80665664672847,239.2127066040039,-0.0002428481619800582
2025-02-26,239.0966796875,243.69239232640413,237.87314875998453,243.0458147674429,44433600,236.9241203308105,239.09613677978516,-0.027040123579634257
2025-02-27,236.05276489257807,241.18564780716903,235.81402085750776,238.1516754344793,41153600,236.83473663330074,238.8894757080078,-0.0127308952968328
2025-02-28,240.56887817382807,240.8175641664438,228.9900589647863,235.70458076540925,56833400,237.059097290039,238.76975799560546,0.019131795737724833
2025-03-03,236.7789001464844,242.7473638198223,234.8689935924468,240.5191319174845,47184000,237.17295455932612,238.51641082763672,-0.015754232451485883
2025-03-04,234.68995666503903,238.8082116075959,233.4465266012979,236.46061504010896,53798100,237.57932891845698,238.17279479980468,-0.008822337970794791
2025-03-05,234.5009613037109,235.30670153327668,228.0251680036218,234.18263593082168,47227600,237.7382736206054,237.93330841064454,-0.0008052980366682894
2025-03-06,234.09312438964844,236.60982567864423,231.93453157387603,233.207802772317,45170400,237.89322204589843,237.65108673095702,-0.0017391694763002619
2025-03-07,237.8134307861328,240.10132960679223,233.52607183924505,233.8742382746953,46273600,238.19692382812497,237.34986755371094,0.01589242061758256
2025-03-10,226.2843475341797,234.918732838188,223.041487749586,234.3019812730952,72071200,238.2018966674804,236.80256622314454,-0.04847952957846735
2025-03-11,219.67926025390625,224.65298022983384,216.30707871737093,222.63365113389432,76137400,237.86318664550782,236.06493560791014,-0.02918932463623347
2025-03-12,215.8395538330078,220.58448707211764,213.7804415985268,218.98294858814836,62547500,237.08529739379884,235.23421508789062,-0.01747869332981411
2025-03-13,208.5779266357422,215.70029772842105,207.3245545879158,214.81497612462363,61368300,235.73294372558593,234.32642578125,-0.0336436351368844
2025-03-14,212.36790466308597,212.8254784087618,208.4784519318959,210.13967261110687,60107600,234.33831253051758,233.5618063354492,0.018170561422650167
2025-03-17,212.87521362304688,214.0888025037831,208.8663965620962,212.18883784213668,48073400,232.81635360717775,232.8427066040039,0.0023888212334426395
2025-03-18,211.5720977783203,214.01915944879545,210.37840804794797,213.03437263106773,42432400,231.23570404052734,232.22811004638672,-0.006121501054763834
2025-03-19,214.10870361328125,217.6101915579757,212.6265295918345,213.0940604852241,54385400,229.76199188232422,231.67398376464843,0.01198932118931273
2025-03-20,212.97471618652344,216.34689805154304,211.1045924362575,212.86529372925065,48862900,228.18383178710937,231.06458526611328,-0.005296316345952956
2025-03-21,217.12277221679688,217.68976839110027,210.16950634984832,210.4480334492585,94127800,226.8270004272461,230.59359405517577,0.019476753412553283
2025-03-24,219.56983947753903,220.3158974796034,217.4311459430569,219.8384246082871,44299500,225.5154296875,230.161806640625,0.011270431174758455
2025-03-25,222.57395935058597,222.9221258053629,218.9232508666907,219.60962662242412,34493600,224.35704956054687,229.9063586425781,0.013681842097235108
2025-03-26,220.3656463623047,223.83730853242596,219.3112201065871,222.3352353150336,34466100,223.4204978942871,229.65543365478516,-0.009921704204411741
2025-03-27,222.67344665527344,223.80745418869532,219.40073045135125,220.22636977863215,37094800,222.75153198242188,229.4729217529297,0.010472595574967603
2025-03-28,216.7547149658203,222.6336557419088,216.5358700680628,220.504904155295,39818600,221.5608238220215,229.08081817626953,-0.026580320996315576
2025-03-31,220.9624786376953,224.4341253115235,215.09348022110552,215.86937928840504,65299300,220.77000274658204,228.96385009765626,0.019412558903452393
2025-04-01,222.01690673828125,222.5043215641154,217.74944665223012,218.65466729819107,36412700,220.13635025024413,228.8337887573242,0.004771978062007687
2025-04-02,222.71324157714844,224.00641185945875,219.8583310514353,220.15675729790527,35905900,219.546964263916,228.8635220336914,0.0031364045607933377
2025-04-03,202.12203979492188,206.39944211542388,200.19223396809613,204.4596791341039,103419000,217.9484100341797,228.45778259277344,-0.09245611817424748
2025-04-04,187.389892578125,198.8294493717933,186.35535024633944,192.87092693410324,125910900,215.4272331237793,227.76077819824218,-0.07288738641142001
2025-04-07,180.5062561035156,193.12954493623215,173.70219548773406,176.26863687444822,160466300,213.1383285522461,226.94358978271484,-0.03673429969943298
2025-04-08,171.51376342773438,189.33957458197375,168.32064359895526,185.7187069284344,120859500,210.7300537109375,225.80585021972655,-0.04981817733023208
2025-04-09,197.80487060546875,199.55561475938035,170.98656295712524,171.0462451746259,184395900,209.82831954956055,225.02699951171874,0.15328861458288667
2025-04-10,189.4191436767578,193.7562279640405,182.03814529024515,188.07624843340895,121880000,208.87038040161133,224.05857360839843,-0.042393935513532766
2025-04-11,197.1085205078125,198.491214081568,185.0820690088969,185.1218672695082,87435900,208.10741119384767,223.27911071777345,0.04059450740721626
2025-04-14,201.45556640625,211.8207974391945,200.10271391024364,210.3286813853017,101352900,207.53642883300782,222.6181869506836,0.022054074005721125
2025-04-15,201.0775451660156,202.44033954558063,198.74984792281177,200.7990180691496,51343900,207.01170120239257,222.10848846435547,-0.001876449715328743
2025-04-16,193.24891662597656,199.64511311117852,191.35889396287376,197.31741584829123,59732400,205.96871185302734,221.34702545166016,-0.03893338032138538
2025-04-17,195.94464111328125,197.78492332403,193.3980992625881,196.16348597656767,52164700,205.11720809936523,220.64603515625,0.013949493401415047
2025-04-21,192.144775390625,192.78141101209272,188.8123765600513,192.2541978495612,46742500,203.86830825805663,219.85414276123046,-0.019392547308601515
2025-04-22,198.69017028808597,200.5304375648519,194.9399811908512,195.08918671811185,52976400,202.82432479858397,219.3042483520508,0.03406491216924512
2025-04-23,203.52462768554688,206.9067512010516,201.7340854567431,204.9172632087338,52929200,201.87185821533203,218.84567169189452,0.024331638502555597
2025-04-24,207.2748107910156,207.73239972806863,201.87335793866916,203.81310578126343,47311000,201.2173164367676,218.3632211303711,0.01842618826092579
2025-04-25,208.1800079345703,208.64753879478604,205.11619481641537,205.2852994626612,38222300,200.4926445007324,217.8143212890625,0.004367135302645986
2025-04-28,209.03550720214844,210.38835967290976,206.3696005213303,208.8962436468608,38743100,200.10668411254883,217.1898208618164,0.004109420861617918
2025-04-29,210.09988403320312,211.12446912484504,207.27479957627347,207.59312493762445,36827600,199.5635543823242,216.5255307006836,0.00509184705173249
2025-04-30,211.3831024169922,212.4574277707069,205.5837430092506,208.19992461631293,52286500,199.03186416625977,215.88949096679687,0.006107658696214546
2025-05-01,212.19879150390625,213.4322643155357,207.8020097882055,207.98107159612528,57365700,198.50614166259766,215.26180786132812,0.003858818787250806
2025-05-02,204.27069091796875,205.9020705063368,201.09745506032,205.0067917796952,101010600,198.61357421875,214.45646331787108,-0.03736166699984034
2025-05-05,197.8446350097656,203.02725796650907,197.1682163705072,202.03251395918383,69018500,199.13631134033204,213.52816802978515,-0.03145853122308051
2025-05-06,197.4666290283203,199.5953806140849,195.98447015970467,197.1682179665783,51216500,199.98432998657228,212.56147552490233,-0.0019106203280500056
2025-05-07,195.2185211181641,198.3917570874617,192.2342889482049,198.12317194216024,68536700,201.16956787109376,211.55101470947267,-0.01138474850772786
2025-05-08,196.45201110839844,198.9985534894292,193.65676753221484,196.68079799363124,50478900,201.10192489624023,210.69812133789063,0.006318509038841347
2025-05-09,197.4865264892578,199.48595647897332,196.5017244580665,197.95405738682032,36453900,201.50529403686522,209.9267965698242,0.005265995369670984
2025-05-12,209.95704650878903,210.435160708662,205.9330174500644,210.13634313336476,63775800,202.14772033691406,209.31455993652344,0.06314618136852768
2025-05-13,212.08859252929688,212.55673652410627,208.17412935394688,209.598471364776,51909300,202.67937164306642,208.8207537841797,0.01015229570024756
2025-05-14,211.490966796875,213.09460539099956,209.7478820292828,211.5905625216416,49325800,203.20004272460938,208.3567739868164,-0.0028178117705190964
2025-05-15,210.61444091796875,212.11848379882832,208.71198473801,210.11641669484823,45029500,204.06831893920898,207.87904357910156,-0.0041445074093784395
2025-05-16,210.4252014160156,211.73003772257164,208.94109887256835,211.52086084946143,54737900,204.7923469543457,207.4056851196289,-0.0008985115224214857
2025-05-19,207.9550018310547,208.65223273202483,203.45285841572863,207.0884445111699,46140500,205.58285827636718,206.80851654052734,-0.011739086232723905
2025-05-20,206.04258728027344,207.64622592622175,204.2198167548668,206.84938410987283,42496600,205.95047912597656,206.40368133544922,-0.009196290225973569
2025-05-21,201.2914123535156,206.2218487675542,199.9168759316908,204.359243170771,59211800,205.838818359375,206.0359243774414,-0.023059188828254085
2025-05-22,200.5643310546875,201.94883789272,198.9108868600604,199.91690559460176,46742400,205.5032943725586,205.730419921875,-0.003612083050771986
2025-05-23,194.49838256835935,196.91877297523905,192.6955373289648,192.9046989896,78432900,204.81921310424804,205.44882904052736,-0.030244403151994947
2025-05-27,199.4188690185547,199.94677348688447,196.64984031499387,197.51641281084125,56288500,204.33838119506837,205.18984832763672,0.025298341226390297
2025-05-28,199.6280212402344,201.92889064401075,199.1100718095576,199.79734764673603,45339700,203.8147880554199,204.92490447998046,0.001048808584207972
2025-05-29,199.15988159179688,203.0046291598645,197.72556941325453,202.77554227533128,51396800,203.20362701416016,204.67666015625,-0.0023450598043757154
2025-05-30,200.05633544921875,201.1619498266407,196.002410999174,198.5821728136608,70819900,202.59650421142578,204.39561279296876,0.0045011768949494435
2025-06-02,200.9029693603516,201.3312780971428,199.32921098525784,199.488582384924,35423300,202.42811813354493,204.1541778564453,0.004231977503895479
2025-06-03,202.4667816162109,202.96480586317463,200.16591202699755,200.55437033168948,46381600,202.6592254638672,203.8610580444336,0.007783918081640584
2025-06-04,202.0185546875,205.42503857555045,201.30139858491117,202.10819540070028,43604000,202.88682174682617,203.51003234863282,-0.0022138294743112574
2025-06-05,199.8372039794922,203.9409187010704,199.35908978394465,202.69585814733983,55126100,203.11775588989258,203.05529724121095,-0.010797774052893838
2025-06-06,203.11419677734372,204.8871617909174,201.2515910514923,202.19783403313104,46607700,203.45086517333985,202.71026824951173,0.016398311888850436
2025-06-09,200.65396118164065,205.1859847584805,199.22961916524451,203.5823461143216,72862600,203.60923690795897,202.26987854003906,-0.012112573294913553
2025-06-10,201.869140625,203.5425099498084,199.77744796710627,199.8073282051838,54672600,203.20484161376953,201.97216705322265,0.006056094961710334
2025-06-11,197.9945068359375,203.69190510411792,197.62597377824,202.69585666840095,60989900,202.50013732910156,201.5128076171875,-0.019193789486923962
2025-06-12,198.4128570556641,198.890956077424,196.58013147350607,198.29333609984755,43904600,201.84623184204102,201.04072662353516,0.0021129385173965787
2025-06-13,195.67372131347656,199.57822954037988,194.9266849517312,198.94075911963023,51447300,201.0991958618164,200.49993621826172,-0.013805233102505365
2025-06-16,197.63592529296875,197.90486262143017,195.7832746273876,196.5203559282292,43020700,200.45973205566406,200.41021392822265,0.010027938173407858
2025-06-17,194.86691284179688,197.60604600468164,194.4386193152405,196.42074594971083,38856200,199.80532760620116,200.5597543334961,-0.014010673651904004
2025-06-18,195.8032073974609,196.7893008408277,194.2991796996429,195.16573699325733,45394700,199.29335861206056,200.865693359375,0.004804789802485221
2025-06-20,200.20574951171875,200.9029804255433,196.0821093088201,197.45666110928437,96813500,199.23907546997071,201.4395330810547,0.022484525012509637
2025-06-23,200.70376586914065,201.5006076815208,198.1738094532141,200.83325703321927,55814300,199.24604721069335,201.49751098632814,0.0024875227541492073
2025-06-24,199.50851440429688,202.63610603642124,199.4089034764897,201.78945874554145,54064000,199.49655380249024,201.69929840087892,-0.005955301634066434
2025-06-25,200.76353454589844,202.8651975026319,199.82724651799435,200.6539686022396,39525700,199.56378707885742,201.77239868164062,0.006290559304443111
2025-06-26,200.20574951171875,201.8392684520338,198.67184150130464,200.634043073606,50799100,199.59267349243163,201.74740234375,-0.0027783184602787614
2025-06-27,200.2854156494141,202.41695863400852,199.20968154525065,201.09221242791352,73188600,199.6489501953125,201.73155975341797,0.00039792132788218915
2025-06-30,204.3592529296875,206.57048164253425,198.4726031076903,201.211736268348,91912800,199.86409606933594,201.95376647949217,0.020340159402342017
2025-07-01,206.9987945556641,209.35942450018743,205.3254252695324,205.85332972802505,78788900,200.16888732910155,202.17484954833984,0.01291618357444646
2025-07-02,211.6005401611328,212.49697770796604,207.31752868499885,208.08449026524104,67941800,200.62557525634764,202.56396484375,0.022230784557691008
2025-07-03,212.70616149902344,213.80180573654255,210.9730316271009,211.3116844715072,34955800,201.15995559692382,202.84428466796874,0.005225040243511225
2025-07-07,209.1203765869141,215.37555986284275,207.9749269074613,211.83958469799765,50229000,201.6241142272949,202.9561996459961,-0.01685792685476961
2025-07-08,209.18011474609372,210.5945016214268,207.6262817055446,209.26977065111936,42848900,201.92741012573242,202.99430572509766,0.0002856639805006722
2025-07-09,210.3056640625,210.4949156952032,206.40115605631,208.70202548866368,48749400,202.40999526977538,203.03681884765626,0.005380766320797203
2025-07-10,211.57066345214844,212.63642743345136,209.2000631819418,209.67816220166208,44443600,202.89507141113282,203.08752197265625,0.00601505145040937
2025-07-11,210.3255920410156,211.29176024279,209.03072603053,209.73792710960444,39765800,203.51162567138672,203.0920361328125,-0.005884896283904872
2025-07-14,207.7956085205078,210.07656782568804,206.719874444485,209.10042946873696,38840100,203.98076324462892,203.02028625488282,-0.012028890521389335
2025-07-15,208.28369140625,211.052704873644,208.0944397695192,208.393257343384,42296300,204.61126174926758,202.9419842529297,0.0023488604461725515
2025-07-16,209.3295440673828,211.5606828488181,207.8155461810567,209.4689902412225,47490500,205.1959426879883,203.04316131591796,0.005021289252517214
2025-07-17,209.1901092529297,210.9630743588066,208.7618004967043,209.7379389650813,48068100,205.91210250854493,203.27007080078124,-0.0006661019354642361
2025-07-18,210.3455047607422,210.95309492429405,208.871357307622,210.0367321724359,48974600,206.63921737670898,203.5276483154297,0.005523184207602894
2025-07-21,211.640380859375,214.9273439465105,210.79374875413163,211.2618927646461,51377400,207.2109489440918,203.8560855102539,0.00615594851958301
2025-07-22,213.5527801513672,214.1006098348481,211.39135685335447,212.29776458434165,46404100,207.85339965820313,204.19810089111328,0.009036079429770583
2025-07-23,213.3037872314453,214.29983576430007,211.5706725113145,214.15043456376964,46989300,208.54316329956055,204.51444610595703,-0.001165954944465697
2025-07-24,212.9152984619141,214.8376797586153,212.68621158769832,213.0547446286313,46022600,209.15075149536133,204.57361114501953,-0.0018212933514850649
2025-07-25,213.03485107421875,214.3894775978428,212.5567368669443,213.8516029142824,40268800,209.79220657348634,204.59253631591798,0.0005615031572099305
2025-07-28,213.2041931152344,214.00103498726415,212.21809958876685,213.1842678888476,37858000,210.43814544677736,204.62680084228515,0.0007949029943306041
2025-07-29,210.4351501464844,213.96115480223384,209.9869314052821,213.3336394454552,51411700,210.7419403076172,204.62321502685546,-0.012987750983177726
2025-07-30,208.2239227294922,211.55072076453237,206.89917652304968,211.06265157316116,45512500,210.8031967163086,204.579189453125,-0.010507880529716518
2025-07-31,206.74978637695312,209.01080544085684,206.3414028602417,207.6661491373953,80698400,210.5606590270996,204.55508514404298,-0.007079572477626139
2025-08-01,201.58030700683597,212.7360475386617,200.7037794341265,210.03674932642843,104434500,210.00436630249024,204.46583953857422,-0.02500355362250284
2025-08-04,202.5464630126953,207.0585613783641,200.88304868853191,203.70186769022783,75109300,209.6756706237793,204.4909405517578,0.004792908693340703
2025-08-05,202.1181640625,204.5285996595603,201.36117265797924,202.59626309701343,44155100,209.32257308959962,204.52201721191406,-0.002114571362169193
2025-08-06,212.4073486328125,214.5289368613384,204.77761325937152,204.81746371165528,108483100,209.42765731811522,204.88019653320313,0.050906778309795175
2025-08-07,219.16053771972656,219.9773047383464,215.7241736307253,218.0150880895572,90224800,209.80715103149413,205.27502990722655,0.031793575553679565
2025-08-08,228.4437255859375,230.08719950298996,218.38362983130105,219.95738825778145,113854000,210.71305770874022,205.85134399414062,0.04235793525056386
2025-08-11,226.53909301757807,228.91238364576836,224.12592192869852,227.27701087414155,61806100,211.65023193359374,206.39892822265625,-0.008337425610942972
2025-08-12,229.00213623046875,230.14890113463383,226.4294279692133,227.3667633864553,55626200,212.6861541748047,206.97784423828125,0.010872486422021543
2025-08-13,232.6717529296875,234.3370398551092,229.77992501054072,230.4181341091737,69878500,213.85326461791993,207.61321990966798,0.01602437758714026
2025-08-14,232.1233062744141,234.4567012802976,230.19875827485632,233.39969406647396,51916300,214.99992446899415,208.20635040283204,-0.0023571690519696986
2025-08-15,230.9366607666016,233.6190744765876,228.69300821277216,233.3398655982593,56038700,216.02948226928712,208.78471252441406,-0.005112134265439328
2025-08-18,230.23863220214844,232.46233685580373,229.46083388892836,231.0463446646661,37476200,216.9593948364258,209.39274108886718,-0.0030225974608623085
2025-08-19,229.90956115722656,232.2130419457167,228.70298322789472,230.62753117126795,39402600,217.77723388671876,209.92864837646485,-0.0014292607707683258
2025-08-20,225.3723907470703,229.81981519856652,225.1330775565405,229.33119207499823,42263900,218.3806640625,210.42301696777344,-0.019734587754066668
2025-08-21,224.26551818847656,225.88095827873423,223.14868274098328,225.6316635652229,30621200,218.94817504882812,210.87094451904298,-0.004911305040181113
2025-08-22,227.11746215820312,228.44371192910324,224.77410085849388,225.53195134940427,42477800,219.65230560302734,211.45340362548828,0.01271681885277487
2025-08-25,226.5191650390625,228.65312729963856,225.59178073979157,225.8410754675025,30983100,220.31805419921875,212.01552978515625,-0.0026343069945183872
2025-08-26,228.6630859375,228.84258604761436,224.05612439304167,226.22996704217397,54575100,221.22945098876954,212.67531707763672,0.00946463359101557
2025-08-27,229.83978271484372,230.2486145222496,227.61606269083356,227.96508141122783,31259500,222.31024398803712,213.31939422607422,0.0051459848559261
2025-08-28,231.90391540527344,232.7515235304584,228.692998228932,230.16883391080088,38074700,223.5679504394531,214.06013427734376,0.008980745918084398
2025-08-29,231.485107421875,232.7216147258446,230.71727541448905,231.85405874294375,39418400,225.06319046020508,214.77377227783202,-0.001805954775134011
2025-09-02,229.07192993164065,230.19874691737337,226.3296880547272,228.60325464814517,44075600,226.38946380615235,215.35109588623047,-0.010424763463665943
2025-09-03,237.79725646972656,238.17618932549604,233.6988505309185,236.5408165177042,66427800,228.17341842651368,216.09296569824218,0.03808989840304622
2025-09-04,239.10353088378903,239.22318747047024,236.07211403385236,237.7772812570227,47549400,229.5082275390625,216.88486602783203,0.005493227438596593
2025-09-05,239.0138092041016,240.63921565449172,237.8171975861315,239.3229322237051,54870400,230.50089111328126,217.6498715209961,-0.00037524196884841654
2025-09-08,237.20892333984372,239.47250850410185,235.6732593017711,238.62491556233425,48999500,230.93915100097655,218.38993499755858,-0.007551387387481956
2025-09-09,233.6888885498047,238.10638391026916,232.70167593051625,236.33140663047269,66313900,231.2966407775879,219.05800445556642,-0.014839386058828619
2025-09-10,226.1501922607422,231.76431424305807,225.31256565050364,231.53496736029476,83440800,231.15404357910157,219.4938232421875,-0.03225954103271722
2025-09-11,229.38107299804688,229.7998863317909,226.0106032729132,226.23996538709508,50208600,230.98950958251953,219.94146881103515,0.01428643816309294
2025-09-12,233.40968322753903,233.84842918261825,228.373926506362,228.57335925244223,55824200,231.05382843017577,220.37765167236327,0.017562958341931223
2025-09-15,236.03224182128903,237.5180438551372,234.36695488957943,236.33139853346725,42699500,231.30860748291016,220.8441732788086,0.01123586030144863
2025-09-16,237.4781494140625,240.53949594661788,235.65332541334,236.51088466190768,63421100,231.67058334350585,221.41132873535156,0.006125890181851723
2025-09-17,238.3157958984375,239.42266510979977,237.05934071942244,238.2958480596019,46508000,232.0908950805664,221.99404235839845,0.003527257082143187
2025-09-18,237.20892333984372,240.51954939992544,235.98238232851827,239.29302360434255,44249600,232.68272171020507,222.5321075439453,-0.004644562289381371
2025-09-19,244.8074188232422,245.60516498271892,239.53234916144805,240.5494606794321,163741300,233.70981674194337,223.19684265136718,0.03203292429480942
2025-09-22,255.3575592041016,255.9160073848096,247.42002368458668,247.5995237986898,105517400,235.12182159423827,224.0974819946289,0.04309567263758818
2025-09-23,253.7122344970703,256.6140289111009,252.86464151383095,255.15815615601056,60275200,236.48147506713866,225.01581451416016,-0.00644321911659651
2025-09-24,251.59820556640625,255.018537102084,250.33178410429736,254.49999981420797,42303700,237.62823104858398,225.88210479736327,-0.008332388601025364
2025-09-25,256.14532470703125,256.4444966190252,250.99989343760635,252.49566170312627,55202100,238.94350814819336,226.81842041015625,0.018072939472633998
2025-09-26,254.7393341064453,256.8732963908738,253.06406560531616,253.38317016390943,46076300,240.08527908325195,227.72940490722655,-0.005489034797703463
2025-09-29,253.7122344970703,254.28063380560437,252.2962422052969,253.8418726304012,40127700,241.1966354370117,228.59673950195312,-0.004031963155504692
2025-09-30,253.9116668701172,255.1980209495745,252.39595068950493,254.1410137555297,37704300,242.43862228393556,229.44216522216797,0.0007860573749713939
2025-10-01,254.72933959960935,258.0599285933123,254.21080232618837,254.32049261064776,48713900,243.28522644042968,230.2656964111328,0.0032203038937570483
2025-10-02,256.40460205078125,257.4516276685696,253.43299812845933,255.85613542550084,42630200,244.1502799987793,231.12771270751952,0.006576637201686886
2025-10-03,257.2920837402344,258.5086431914624,253.23357360959045,253.9515436206674,49155600,245.06419372558594,232.01524841308594,0.0034612549164674267
2025-10-06,255.9658660888672,258.339156849437,254.33049322602108,257.262186546101,44664100,246.0020408630371,232.8738687133789,-0.00515452178741016
2025-10-07,255.75645446777344,256.6738420114173,254.70939836699205,256.0855101139428,31955800,247.10541915893555,233.7249139404297,-0.0008181232298413166
2025-10-08,257.3319702148437,257.7906639625656,255.3874592951906,255.7963062732735,36496900,248.6645080566406,234.66285034179688,0.006160218909621928
2025-10-09,253.32330322265625,257.2721380835156,252.42584836214985,257.08267167133846,38322000,249.8616195678711,235.56483795166017,-0.015577803989300865
2025-10-10,244.57806396484372,255.6567217403356,243.3116425485481,254.2207817432353,61999100,250.42003860473633,236.32140350341797,-0.03452204809648318
2025-10-13,246.9613342285156,248.98560621270488,244.867252416582,248.67648318296307,38142900,250.96649322509765,237.22902404785157,0.009744415443628807
2025-10-14,247.07101440429688,248.1479694164288,244.00966795095763,245.90431694508948,35478000,251.44613647460938,238.11951507568358,0.0004441188177246591
2025-10-15,248.63658142089844,251.1095960297993,246.7718617608356,248.78616738422892,33893600,251.96217575073243,239.04988342285156,0.006336506208048043
2025-10-16,246.7519073486328,248.33741809379524,244.43846029169785,247.54965348458143,39777000,252.43932495117187,239.73677459716797,-0.007580035333075941
2025-10-17,251.5782470703125,252.66518358811555,246.5724201648456,247.3203043073955,49147000,252.7778663635254,240.3851287841797,0.01955948293789933
2025-10-20,261.50018310546875,263.63416054313814,254.90884523128253,255.168106265739,90483000,253.08499755859376,241.04625793457032,0.039438767662544505
2025-10-21,262.0286865234375,264.5415968076956,261.0913359303388,261.141213133835,46695900,253.5008201599121,241.7560498046875,0.002021044160246621
2025-10-22,257.7209167480469,262.1084981259862,254.70941678507808,261.9090501595624,45015300,253.80695571899415,242.33042541503906,-0.016440069339527463
2025-10-23,258.8476867675781,259.8847613495841,257.28213901467177,259.206686997747,32754900,253.94207382202148,242.85394409179688,0.0043720549878099035
2025-10-24,262.0785522460937,263.3848541030092,258.44880663072195,260.4531458541269,38253700,254.3090347290039,243.45304901123043,0.01248172436409134
2025-10-27,268.0516357421875,268.3607587413759,263.9033682058253,264.13273028939324,44888200,255.02600479125977,244.19534851074215,0.022791195406501874
2025-10-28,268.2410888671875,269.12859257872884,267.39348082722177,268.2311073414233,41534800,255.7424758911133,244.95539764404293,0.0007067784700340862
2025-10-29,268.93914794921875,270.6443152614699,266.35642794866993,268.5203194424725,51086700,256.4529663085938,245.73598937988277,0.0026023570250897077
2025-10-30,270.63433837890625,273.36662916750566,267.72259312931254,271.2226702585742,69886500,257.164453125,246.6412283325195,0.006303249053230431
2025-10-31,269.60723876953125,276.53764389728985,268.4006608909581,276.2085578376442,86167100,257.7802108764648,247.5480627441406,-0.0037951562818203666
2025-11-03,268.2909851074219,270.08592548154905,265.4988962118729,269.6571458353552,50194600,258.3964668273926,248.37153320312495,-0.004882115436205092
2025-11-04,269.2781982421875,270.7240893859628,266.8650119182292,267.5730004152706,49274800,259.07255401611326,249.22671386718747,0.0036796358788213634
2025-11-05,269.3778991699219,270.93349568379296,266.17693326929896,267.8521863717013,43683100,259.6748504638672,250.0410101318359,0.00037025250608935245
2025-11-06,269.0089416503906,272.6287059365568,267.1342708755924,267.1342708755924,51204000,260.4591323852539,250.82439331054684,-0.0013696651457605347
2025-11-07,267.7126159667969,271.5218466038475,266.0173996929098,269.03885049148494,48227400,261.61585998535156,251.5405673217773,-0.004818894404181151
2025-11-10,268.9303283691406,273.2223721938244,266.9639805623884,268.46119877683986,41312400,262.7143096923828,252.28947174072263,0.004548580566314353
2025-11-11,274.73956298828125,275.3983427074405,269.2996575494418,269.3096487524697,46208300,264.09773712158204,253.20282440185542,0.021601262506795837
2025-11-12,272.962890625,275.2187095291286,271.19618380015726,274.49005224267427,48398000,265.3140525817871,253.9061370849609,-0.006466751071293797
2025-11-13,272.4438171386719,276.1868626363035,271.58539619817094,273.6016390736082,49602800,266.59864807128906,254.57294281005855,-0.001901626573266424
2025-11-14,271.90484619140625,275.4482508823214,269.1000594959977,270.5473523374902,47431300,267.61497802734374,255.23076354980466,-0.001978282909578022
2025-11-17,266.9639892578125,269.98836893107386,265.237217022597,268.3214829895084,45018300,267.88816833496094,255.82586486816402,-0.01817127205638569
2025-11-18,266.94403076171875,270.2079555294705,264.8279672087311,269.48928956232544,45677300,268.133935546875,256.4909677124023,-7.47610048428271e-05
2025-11-19,268.0619812011719,271.7052065666708,265.0076580872151,265.0376012369211,40424500,268.65098876953124,257.3292034912109,0.004187958188325291
2025-11-20,265.7562561035156,274.91922505965954,265.4268814706152,270.327749378444,45823600,268.9964172363281,258.0567071533203,-0.008601462569680418
2025-11-21,270.98651123046875,272.8230952896135,265.17732758833057,265.4568071090486,59030800,269.4418151855469,258.8082437133789,0.019680647235321702
2025-11-24,275.4083557128906,276.48633959077114,270.397645153795,270.397645153795,65585800,269.80965118408204,259.5957659912109,0.016317581500066458
2025-11-25,276.45635986328125,279.8600396675645,274.7395483878858,274.75950033189645,46914200,270.22041473388674,260.37533020019526,0.0038052736187974556
2025-11-26,277.0353088378906,279.0116481613461,276.11703191175064,276.4464065684995,33431400,270.62522277832034,261.14972045898435,0.002094178534708613
2025-11-28,278.3328857421875,278.4826014787427,275.4781737009374,276.7458380127342,20135600,271.01015014648436,261.9721997070312,0.0046837961187689015
2025-12-01,282.57501220703125,282.89442609469603,275.6279276857388,277.4944549964911,46587700,271.6585388183594,262.727551574707,0.01524119743713337
2025-12-02,285.6592712402344,286.86701880065203,282.10587559562896,282.47518456741903,53669500,272.526953125,263.3335858154297,0.010914832876105063
2025-12-03,283.623046875,288.0847586222564,282.77461708045536,285.6692634925469,43538700,273.24419555664065,263.93180206298825,-0.007128157809805358
2025-12-04,280.179443359375,284.20196835267484,278.0733405949076,283.5731318378766,43989100,273.7842727661133,264.50342681884763,-0.012141479874668626
2025-12-05,278.26300048828125,280.6186397013617,277.5343433093784,280.01974631085085,47265800,274.2469757080078,264.9457803344726,-0.006840055245008081
2025-12-08,277.3746643066406,279.15136205700173,275.6378704438954,277.6142094762677,38211800,274.730078125,265.39848693847654,-0.003192433705098474
2025-12-09,276.6659851074219,279.5107061083118,276.4064879695729,277.6441787437343,32193300,275.1168609619141,265.85756195068353,-0.0025549528865235205
2025-12-10,278.26300048828125,279.2312028389952,275.92734368017386,277.23491184461454,33038300,275.29303283691405,266.34458862304683,0.005772358970110858
2025-12-11,277.514404296875,279.07150890817053,273.3022288840155,278.5824273392719,33248000,275.52060852050784,266.80028991699214,-0.002690246960942222
2025-12-12,277.763916015625,278.70217518025987,276.30663218031253,277.3846158689452,39532900,275.78661346435547,267.22747619628905,0.0008990946591842519
2025-12-15,273.6016540527344,279.6304615267261,272.33402020742307,279.6304615267261,50409100,275.8714538574219,267.553667602539,-0.014984890847580368
2025-12-16,274.1007385253906,274.9891026980292,271.2859911871425,272.3140798989353,37648600,276.2282913208008,267.9163650512695,0.0018241281266524467
2025-12-17,271.3358764648437,275.6478724530811,271.13626563598973,274.50001118897205,50138700,276.44788360595703,268.2279534912109,-0.010087028861802239
2025-12-18,271.68524169921875,273.12257373871984,266.4549687260805,273.1025913325419,51630700,276.62904663085936,268.5150189208984,0.001287574790797441
2025-12-19,273.1625061035156,274.09077415448866,269.399477884542,271.6453053723066,144632000,276.9993591308594,268.9118029785156,0.005437411303821804
2025-12-22,270.4674987792969,273.37210596231955,270.00836035897595,272.3539780142796,36571800,276.9734085083008,269.42959167480467,-0.009865948891234266
2025-12-23,271.8549194335937,271.99467443806464,269.06012395403746,270.3377490962612,29642000,276.7957366943359,269.9274633789062,0.005129713035979089
2025-12-24,273.3022155761719,274.9192064044749,271.69521595033444,271.8349404799371,17910600,276.63802947998045,270.45208740234375,0.005323781322749577
2025-12-26,272.8930053710937,274.8593534534055,272.35399820928086,273.65160578690546,21521800,276.4309143066406,270.93721588134764,-0.0014972809650133367
2025-12-29,273.2523498535156,273.8512128461511,271.8449608988494,272.1843267483383,23715200,276.17688751220703,271.4672247314453,0.0013167962364344366
2025-12-30,272.57354736328125,273.57169281796894,271.77504318392386,272.30405905646904,22139600,275.6768142700195,271.8871307373047,-0.0024841597541549465
2025-12-31,271.3558349609375,273.17246717497864,271.24605357156486,272.553621806917,27293600,274.9616424560547,272.08424377441406,-0.004467463604312272
