Date,Close,High,Low,Open,Volume
2020-01-02,72.33386993408203,72.39407791515757,71.09117632272992,71.34404690340438,135480400
2020-01-03,71.63064575195312,72.38926493117573,71.40667380039741,71.56321309934685,146322800
2020-01-06,72.20140838623047,72.23994237629597,70.50354624985978,70.75401351048198,118387200
2020-01-07,71.86184692382812,72.46633010238772,71.64268897397623,72.21104883104543,108872000
2020-01-08,73.01782989501953,73.31886979288494,71.56561372170107,71.56561372170107,132079200
2020-01-09,74.56879425048828,74.76145686133366,73.74274246581768,73.99320238999518,170108400
2020-01-10,74.73738861083984,75.30094193802128,74.23646130286748,74.80241795222723,140644800
2020-01-13,76.3340835571289,76.36057889021191,74.93485068528152,75.05286332420356,121532000
2020-01-14,75.3033218383789,76.48099343710987,75.18050255877637,76.27147084582813,161954400
2020-01-15,74.98062896728516,75.98249090201921,74.54953765831824,75.10345563091921,121923600
2020-01-16,75.91984558105469,76.03063354644571,75.16122656820497,75.52247441714353,108829200
2020-01-17,76.76036071777344,76.7627640392473,75.86205500785368,76.16790890123319,137816400
2020-01-21,76.24015808105469,76.83019183971173,76.1028821310267,76.38947268651397,110843200
2020-01-22,76.51232147216797,77.0638214037391,76.41839347401398,76.72424743670398,101832400
2020-01-23,76.88078308105469,76.96025438766408,76.01860061750638,76.56529382668359,104472000
2020-01-24,76.65921783447266,77.86819158420508,76.46895853504518,77.1264324079885,146537600
2020-01-27,74.40503692626953,75.08417746726008,73.42484908589569,74.67235687385795,161940000
2020-01-28,76.5098876953125,76.68087628820244,75.18531223152581,75.28405419350632,162234000
2020-01-29,78.11143493652344,78.95675744540253,77.39857441186852,78.13793027321145,216229200
2020-01-30,77.99822235107422,78.0512056603916,76.7651642610764,77.19625539826748,126743200
2020-01-31,74.5399169921875,77.71167041513803,74.24610164905711,77.29021440201876,199588400
2020-02-03,74.3351821899414,75.49839714349714,72.78422401879573,73.2851511845041,173788400
2020-02-04,76.78926086425781,76.9795201431656,75.53211792000401,75.93671379066781,136616400
2020-02-05,77.41543579101562,78.21258898353346,76.81335589638837,77.91395235806485,118826800
2020-02-06,78.32096099853516,78.32337167005116,77.12884718583062,77.6851684350144,105425600
2020-02-07,77.2563705444336,78.06989925267796,76.76632167871378,77.82125391424971,117684000
2020-02-10,77.623291015625,77.623291015625,75.7644885208781,75.8441484328751,109348800
2020-02-11,77.15498352050781,78.19060679185898,76.93772180330761,78.11818867514276,94323200
2020-02-12,78.98725128173828,78.99207670101356,77.60400616945556,77.60400616945556,113730400
2020-02-13,78.42475128173828,78.75064746940821,78.05782062596876,78.26059867524006,94747600
2020-02-14,78.44408416748047,78.69272952184373,77.93713525426901,78.39338411922328,80113600
2020-02-18,77.00770568847656,77.18875828805763,75.94794093607852,76.12899353565957,152531200
2020-02-19,78.12301635742188,78.35235267875386,77.24913667748609,77.24913667748609,93984000
2020-02-20,77.32151794433594,78.37162436896796,76.81698564492086,77.88399207823885,100566000
2020-02-21,75.57137298583984,77.35776502195542,74.95579692410486,76.91599243144344,129554000
2020-02-24,71.98169708251953,73.43011814732492,69.8211400810818,71.75960997813098,222195200
2020-02-25,69.54351043701172,73.03179362770307,69.07277807692655,72.65037937541128,230673600
2020-02-26,70.64674377441406,71.90928692764982,69.16211349223191,69.16935530367469,198054800
2020-02-27,66.0286865234375,69.04140503149553,65.89350114490772,67.85852928583456,320605600
2020-02-28,65.99005889892578,67.20915102510166,61.88861568726967,62.103468343907636,426510000
2020-03-02,72.13378143310547,72.76867383608672,67.04258234775999,68.14338175177791,341397200
2020-03-03,69.8428726196289,73.38667475068135,68.99312746023453,73.30701482551375,319475600
2020-03-04,73.0824966430664,73.24182384454771,70.76261243598904,71.56165746891385,219178400
2020-03-05,70.7119140625,72.31241302487865,70.34739243241086,71.33955724756618,187572800
2020-03-06,69.7728500366211,70.20496434412061,67.88990577178768,68.07578380592835,226176800
2020-03-09,64.25439453125,67.13192109726523,63.4891419363693,63.67019462249963,286744800
2020-03-10,68.882080078125,69.14762542571471,65.0268655374001,66.90257561810807,285290000
2020-03-11,66.48974609375,67.8874740401239,65.62793406582192,66.96290212891532,255598800
2020-03-12,59.9235954284668,65.17895115078981,59.86807364961435,61.78481820985721,418474000
2020-03-13,67.10294342041016,67.5736832780311,61.06302571813862,63.94538830639056,370732000
2020-03-16,58.4703369140625,62.54280864814437,57.93683361708763,58.40756965352153,322423600
2020-03-17,61.041290283203125,62.1879532458274,57.55059398806874,59.74978006097213,324056000
2020-03-18,59.547000885009766,60.35087498179023,57.24159672400037,57.881318208922394,300233600
2020-03-19,59.090755462646484,61.03646731467495,58.56691024737155,59.72081881991735,271857200
2020-03-20,55.33934020996094,60.79264444451166,55.03999854094989,59.67011594836406,401693200
2020-03-23,54.163700103759766,55.160697700443244,51.32479637531141,55.05930867623348,336752800
2020-03-24,59.59770202636719,59.793238287645494,56.56084531140466,57.05813597182242,287531200
2020-03-25,59.26939010620117,62.34245572079971,58.974877532799404,60.53192941719469,303602000
2020-03-26,62.38833236694336,62.446266859922645,59.47217711965345,59.51080257065681,252087200
2020-03-27,59.8052978515625,61.767905586340525,59.63872886548187,61.01472792774082,204216800
2020-03-30,61.512020111083984,61.683418202528024,60.206026401052306,60.529509863529455,167976400
2020-03-31,61.386497497558594,63.366005560924876,60.833685075362965,61.70273919270683,197002000
2020-04-01,58.15652084350586,60.04188167908633,57.726822887688364,59.50596558883749,176218400
2020-04-02,59.126956939697266,59.18006600388776,57.188487147319506,58.018915768998035,165934000
2020-04-03,58.2772216796875,59.31284110700112,57.68819653151743,58.61277240805976,129880000
2020-04-06,63.3611946105957,63.51568906281684,60.20122279835169,60.56815356854759,201820400
2020-04-07,62.62730026245117,65.5893255452028,62.52349853876049,65.37205652922795,202887200
2020-04-08,64.230224609375,64.54404618126709,63.06183266990903,63.42634690897305,168895200
2020-04-09,64.69373321533203,65.19585671097452,63.89952086210519,64.86513503536223,161834800
2020-04-13,65.9635238647461,66.07215841536981,64.17230617831575,64.77098966919036,131022800
2020-04-14,69.29488372802734,69.58457092501276,67.12225185179103,67.59299170512948,194994800
2020-04-15,68.66239166259766,69.1210568119712,67.74506136385055,68.17234288135833,131154400
2020-04-16,69.2079849243164,69.57250664535655,68.16029439249986,69.3745539645896,157125200
2020-04-17,68.26889038085938,69.27072055777202,66.83495334748415,68.72514642195532,215250000
2020-04-20,66.85186767578125,67.99853426971617,66.83255863780644,67.09810395402242,130015200
2020-04-21,64.78546905517578,66.92913374203486,64.07574203406564,66.69497200558625,180991600
2020-04-22,66.65150451660156,67.08602784822331,65.71003238672124,66.05040482183006,116862400
2020-04-23,66.39322662353516,68.01545898341168,66.35460116650802,66.59600474763815,124814400
2020-04-24,68.3099365234375,68.31959472449138,66.86875759043463,66.91704122865521,126161200
2020-04-27,68.35823059082031,68.68895219864656,67.58091104598891,68.02750161594408,117087600
2020-04-28,67.25019836425781,69.00037411858965,67.15847120269908,68.81932145434843,112004800
2020-04-29,69.45903778076172,69.92736120107678,68.53204914375017,68.73482721743544,137280800
2020-04-30,70.9243392944336,71.10056648651737,69.60869475205328,69.99735081766806,183064000
2020-05-01,69.78250122070312,72.17963585405194,69.00518177066984,69.10174168301795,240616800
2020-05-04,70.76985931396484,70.89780288941466,69.11866006272429,69.80666159250394,133568000
2020-05-05,71.83203887939453,72.66246767070962,71.08368641004002,71.2285300116976,147751200
2020-05-06,72.5731201171875,73.2031795834636,72.14824768910796,72.53207828931902,142333600
2020-05-07,73.32389068603516,73.66910326152602,72.89660917840814,73.19836352852457,115215200
2020-05-08,75.06912231445312,75.12237513838589,73.65551062741005,73.98228898395239,133838400
2020-05-11,76.25035858154297,76.7441494175839,74.36957144120983,74.57774424961227,145946400
2020-05-12,75.37895965576172,77.38319101183461,75.25793117438776,76.93296121988755,162301200
2020-05-13,74.46882629394531,76.4779036027934,73.39409274246334,75.55808267285332,200622400
2020-05-14,74.92630767822266,74.98682191354754,72.98742921457588,73.70876155896555,158929200
2020-05-15,74.48335266113281,74.52934407916516,72.66792527667609,72.70181680027588,166348400
2020-05-18,76.23825073242188,76.61102048338427,75.11511038710799,75.80497413426188,135178400
2020-05-19,75.79772186279297,77.09998213452099,75.76625327530091,76.25520568719914,101729600
2020-05-20,77.27186584472656,77.34205706251838,76.61588599602642,76.65461600601195,111504800
2020-05-21,76.69575500488281,77.67366726497515,76.4585365069764,77.13387754437865,102688800
2020-05-22,77.1895751953125,77.27187370478033,76.33269118133187,76.43435100426484,81803200
2020-05-26,76.66671752929688,78.4845606060167,76.61104175906425,78.30544078691085,125522000
2020-05-27,77.00074768066406,77.14598335609439,75.78562421645006,76.52390248864035,112945200
2020-05-28,77.03462982177734,78.29090607267398,76.4004417495467,76.67638285095582,133560800
2020-05-29,76.95960998535156,77.736610955793,76.60378586836536,77.2767040924692,153532400
2020-06-01,77.90604400634766,78.02707250180976,76.78289602270274,76.91360886615988,80791200
2020-06-02,78.26670837402344,78.29091555107586,77.1992361328535,77.6397816394303,87642800
2020-06-03,78.69756317138672,78.95898884323296,78.01496072344597,78.58621903033732,104491200
2020-06-04,78.01981353759766,78.81859867793425,77.64704369151033,78.52087329742372,87560400
2020-06-05,80.24188995361328,80.30240419943048,78.2400813612976,78.26912701737099,137250400
2020-06-08,80.71631622314453,80.75020774515244,79.23009024878114,79.93931540745123,95654400
2020-06-09,83.26516723632812,83.65729831044091,80.3653297249553,80.39679831013578,147712400
2020-06-10,85.4073715209961,85.87453965160508,83.77348714351568,84.2116096226659,166651600
2020-06-11,81.30693817138672,84.97652287764004,81.20527837641917,84.55292316229209,201662400
2020-06-12,82.0089111328125,84.18742419889422,80.90029328946143,83.44189186655679,200146000
2020-06-15,83.02311706542969,83.6742509001126,80.50330314287096,80.6654845616587,138808800
2020-06-16,85.22340393066406,85.49451390772815,83.44186840333514,85.07332981023045,165428800
2020-06-17,85.10481262207031,86.02704912393895,84.98378413219785,85.96653487900272,114406400
2020-06-18,85.13870239257812,85.55504068464955,84.53113702208627,85.06124238777585,96820400
2020-06-19,84.65216827392578,86.30783714893171,83.54596609025744,85.8430918789263,264476000
2020-06-22,86.86698913574219,87.00980187063504,84.99830891368086,85.0443003318489,135445200
2020-06-23,88.72115325927734,90.13718820813904,87.68998805980996,88.10874933547481,212155600
2020-06-24,87.15503692626953,89.26819705246864,86.78226710315806,88.35079901624333,192623200
2020-06-25,88.31207275390625,88.35080275936323,86.55232106785238,87.30996064055707,137522400
2020-06-26,85.59860229492188,88.42824869367755,85.4509437109353,88.20797597788908,205256800
2020-06-29,87.57137298583984,87.6657787527797,85.02977472321102,85.50662726415537,130646000
2020-06-30,88.30238342285156,88.58801627360432,87.14051287267962,87.15987418081895,140223200
2020-07-01,88.13536071777344,88.92204587845694,88.08695375546539,88.37984062385425,110737200
2020-07-02,88.13536071777344,89.67484690422407,88.02160103220285,89.04065881814572,114041600
2020-07-06,90.49301147460938,90.96017971455592,89.52962194946613,89.56109054157537,118655600
2020-07-07,90.21220397949219,91.64759989931855,90.10085985246303,90.87059916943323,112424400
2020-07-08,92.31327819824219,92.34474679060094,91.10057024745561,91.1877146099101,117092000
2020-07-09,92.71023559570312,93.25727928434208,91.66454778966232,93.20402645939578,125642800
2020-07-10,92.8724365234375,92.93053523193312,91.6960429410668,92.30602397781523,90257200
2020-07-13,92.44398498535156,96.77922651804644,92.23097365442625,94.17469096863013,191649200
2020-07-14,93.97378540039062,94.16500509879575,90.89482027358295,91.82673375082925,170989200
2020-07-15,94.6200942993164,96.09422076841606,93.4243319454073,95.8449023157505,153198000
2020-07-16,93.45578002929688,94.31024088700049,92.85789898357274,93.49451003316076,110577600
2020-07-17,93.26697540283203,94.06092201052024,92.79496133182224,93.90600938284572,92186800
2020-07-20,95.23247528076172,95.37044953138843,93.01039399095433,93.35411815070974,90318000
2020-07-21,93.91810607910156,96.09661884897764,93.66878769091768,96.02158177786353,103433200
2020-07-22,94.18195343017578,94.86213298167614,93.53324246932021,93.62037944003524,89001600
2020-07-23,89.8951187133789,93.99314144318696,89.08664931990235,93.91568143989768,197004400
2020-07-24,89.67243194580078,90.01615612762265,86.31267968652797,88.09664593771886,185438800
2020-07-27,91.7977066040039,91.88968945823548,90.50996880574512,90.73265713883738,121214000
2020-07-28,90.2896728515625,91.54594911832494,90.2848269844815,91.36924487069622,103625600
2020-07-29,92.0203857421875,92.20435141750036,90.73506372270917,90.77137079362801,90329200
2020-07-30,93.13385009765625,93.23793283077006,90.7883172670131,91.1949712384762,158130000
2020-07-31,102.88389587402344,103.03397001244983,97.62157236005555,99.61612680199143,374336800
2020-08-03,105.47634887695312,108.09056179793535,104.46455228309469,104.76227769682667,308151200
2020-08-04,106.18071746826172,107.26997389606046,104.94380243901392,105.6651349105181,173071600
2020-08-05,106.56559753417969,106.88511455690511,105.43761099297775,105.90236369757778,121776800
2020-08-06,110.2835693359375,110.77736760867772,106.30899814130089,106.89719478834881,202428800
2020-08-07,107.77619171142578,110.26174899503663,106.98081367668276,109.80586023116359,198045600
2020-08-10,109.34269714355469,110.35874505613272,106.69709332777636,109.21902314455248,212403600
2020-08-11,106.09086608886719,109.10505737675727,105.83139636601508,108.60794885006547,187902400
2020-08-12,109.61670684814453,109.8737492325435,106.9856522603481,107.1796439994117,165598000
2020-08-13,111.55667114257812,112.55817011651827,110.50667052619417,110.99408465160128,210082000
2020-08-14,111.4572525024414,111.54697388434195,109.65067355223327,111.38208013380518,165565200
2020-08-17,111.16624450683594,112.60180865121056,110.54061480830164,112.57755783182,119561600
2020-08-18,112.09258270263672,112.51694618501556,110.58427334354063,110.91891544512356,105633600
2020-08-19,112.23323059082031,113.64454412496903,112.13866200158594,112.49997484302729,145538000
2020-08-20,114.72362518310547,114.8375973733061,112.2574641314498,112.27444044495672,126907200
2020-08-21,120.63562774658203,121.1181872782855,115.66935990258521,115.68148161330981,338054800
2020-08-24,122.07845306396484,124.91805616382935,120.21610549023623,124.83317459173283,345937600
2020-08-25,121.07695007324219,121.42129395286675,119.35767277780953,120.95328347307442,211495600
2020-08-26,122.72348022460938,123.17936898693925,121.32671591454528,122.39126546065715,163022400
2020-08-27,121.25640869140625,123.65709200762272,120.11425938434616,123.32487721481381,155552400
2020-08-28,121.06000518798828,122.64590698975564,120.83690796249397,122.22881796842402,187630000
2020-08-31,125.16539764404297,127.06655257654671,122.21668415759454,123.74924435405829,225702700
2020-09-01,130.1510772705078,130.75247109042868,126.61067882372832,128.77371625173845,151948100
2020-09-02,127.45454406738281,133.8369730802814,123.186665513161,133.45868391206912,200119000
2020-09-03,117.25041961669922,124.97140947448622,116.88183227033254,123.09936731503697,257599600
2020-09-04,117.32799530029297,119.98572065509111,107.56036231574582,116.46471946533688,332607200
2020-09-08,109.43241119384766,115.4171459794859,109.29661549435876,110.5284785969539,231366600
2020-09-09,113.79731750488281,115.56266939432574,111.799173992742,113.7391214492864,176940500
2020-09-10,110.08229064941406,116.88180696925608,109.12201895469966,116.74601127102618,182274400
2020-09-11,108.63704681396484,111.77006490232608,106.69709954942977,111.12987875287997,180860300
2020-09-14,111.89615631103516,112.44904097306566,109.41302623599448,111.27537379227499,140150100
2020-09-15,112.07073974609375,115.26195346815392,110.19869058392199,114.7769667152629,184642000
2020-09-16,108.7631607055664,112.51696201625585,108.67586661477294,111.7700854383201,154679000
2020-09-17,107.02691650390625,108.8310685487523,105.44586171205238,106.42553742249994,178011000
2020-09-18,103.63198852539062,107.5506832359034,102.90450823656477,107.08509999522968,287104900
2020-09-21,106.77469635009766,106.88139403880808,100.00427732246104,101.4010416835348,195713800
2020-09-22,108.45274353027344,109.47121874863322,105.88231946545223,109.29662320835186,183055400
2020-09-23,103.90357971191406,108.74374613747926,103.56408301527631,108.2684611226227,150718700
2020-09-24,104.97055053710938,106.93959588038079,101.84723417179123,102.01212791770884,167743300
2020-09-25,108.90864562988281,109.06384497371614,104.4370662899755,105.17424837255975,149981400
2020-09-28,111.5081787109375,111.85736984450415,109.39363569114487,111.55668035738763,137672400
2020-09-29,110.66429901123047,111.84766814275456,110.1599159291002,111.11049343812664,99382200
2020-09-30,112.3326644897461,113.73913095345405,110.20842687953865,110.3733206510487,142675200
2020-10-01,113.2832260131836,114.18530182393523,112.35205217632898,114.10770215411938,116120400
2020-10-02,109.62641906738281,111.90586307346008,108.85044458473479,109.50032515653433,144712000
2020-10-05,113.00191497802734,113.14741248595817,110.14049605673375,110.48968711564349,106243800
2020-10-06,109.76220703125,112.6333277612592,108.87952757625551,112.22593325878677,161498200
2020-10-07,111.62456512451172,112.08045390652613,110.70308575226879,111.1783781507114,96849000
2020-10-08,111.51785278320312,112.90491516312255,111.1492581226096,112.75941766027303,83477200
2020-10-09,113.45780181884766,113.48689983988513,111.4693531777682,111.81854423083884,100506900
2020-10-12,120.66472625732422,121.42130453731181,115.6984583933761,116.45503667336371,240226800
2020-10-13,117.46380615234375,121.62499394990238,116.05734733652297,121.50859444916024,262330500
2020-10-14,117.55111694335938,119.33586502763562,116.028258506117,117.36681956932418,150712000
2020-10-15,117.08551788330078,117.56080289760202,114.60238771843201,115.15527240046332,112559200
2020-10-16,115.44625854492188,117.90029805270329,115.24256497002679,117.63840102761567,115393800
2020-10-19,112.49755859375,116.8042370043639,112.18716729027952,116.35804996814461,120639300
2020-10-20,113.98160552978516,115.40746797741103,112.15805033404632,112.71093501778782,124423700
2020-10-21,113.36083221435547,115.14558032107824,112.95343762450592,113.16683302863848,89946000
2020-10-22,112.27444458007812,114.49568501963495,111.14927164811971,113.92339674553574,101988000
2020-10-23,111.58577728271484,113.05043966735408,110.84859518576691,112.89524032049677,82572600
2020-10-26,111.595458984375,113.05041929759861,109.49061077367527,110.58668561250266,111850700
2020-10-27,113.09890747070312,113.75848974001332,111.10076444910626,112.02223630461869,92276800
2020-10-28,107.8610610961914,111.96405267029793,107.76406521649079,111.59546536731106,143937800
2020-10-29,111.85736083984375,113.41901900582575,108.83104039265947,108.99594153712782,146129200
2020-10-30,105.59134674072266,108.62736202117581,104.4855772187525,107.72528610585144,190272600
2020-11-02,105.50404357910156,107.35669702970988,104.09758457442842,105.83383850866505,122866900
2020-11-03,107.12387084960938,108.14233853823154,105.46521712787313,106.36729273797286,107624400
2020-11-04,111.49847412109375,112.119256698551,108.97654397513469,110.71279779031768,138235500
2020-11-05,115.4559555053711,116.02824377297978,113.3608163942021,114.40838224963099,126387100
2020-11-06,115.32481384277344,115.82034860014043,112.8373918555085,114.96530169353447,114457900
2020-11-09,113.0219955444336,118.53123307425452,112.75965407719045,117.08348090470506,154515300
2020-11-10,112.6819076538086,114.25597110360664,110.89407325748324,112.27381767890381,138023400
2020-11-11,116.10211944580078,116.2381494579348,113.1385999950758,113.86733537997074,112295000
2020-11-12,115.83003997802734,117.1126137436234,115.20818648034917,116.22841881317535,103162300
2020-11-13,115.87863159179688,116.27700303551688,114.52804275815001,116.05352836084144,81581900
2020-11-16,116.88914489746094,117.55957633149036,114.80010222486767,115.54826720324448,91183000
2020-11-17,116.00493621826172,117.24864320805052,115.58712770640344,116.16040329852451,74271000
2020-11-18,114.68350982666016,116.42275908285534,114.65436159878705,115.24706694247119,76322100
2020-11-19,115.27620697021484,115.68429695756758,113.49809106564801,114.25597458875419,74113000
2020-11-20,114.0130615234375,115.40251710432108,113.96448361868471,115.27620565626937,73604300
2020-11-23,110.62202453613281,114.28513837643995,110.52486130551306,113.85761126601786,127959300
2020-11-24,111.90459442138672,112.56531474410036,109.39774313111327,110.68032441615657,113874200
2020-11-25,112.74020385742188,113.43979090606146,111.90458681744444,112.27381743371453,76499200
2020-11-27,113.2843246459961,114.15880846315034,112.92481998616722,113.26489496698315,46691300
2020-11-30,115.67459106445312,117.54015173092947,113.49809620715159,113.65356330256418,169410200
2020-12-01,119.24053192138672,119.96926723797301,116.60736920035771,117.57901628913943,127728200
2020-12-02,119.59033203125,119.87211059203429,117.46242241782213,118.56038101970898,89004200
2020-12-03,119.45428466796875,120.27046459048226,118.74497909552679,120.01783429457547,78967600
2020-12-04,118.78387451171875,119.37657991827966,118.07456876821664,119.12394956144712,78260400
2020-12-07,120.2413101196289,121.03806032248434,118.78383969393643,118.8421361387792,86712000
2020-12-08,120.85346984863281,121.43646406909802,119.60004413555974,120.84375871454999,82225500
2020-12-09,118.32718658447266,122.37895334699282,117.56930300737729,120.99921619827668,115089200
2020-12-10,119.74578094482422,120.35792333365181,116.7433951040976,117.08347009062476,81312200
2020-12-11,118.93931579589844,119.2793907717679,117.13205173775964,118.95874547462877,86939800
2020-12-14,118.32718658447266,119.85267228564851,118.09399334838469,119.12393693642923,79184500
2020-12-15,124.25422668457031,124.27366377761385,120.61055011219938,120.81459511068267,157243700
2020-12-16,124.18621063232422,124.73033062366706,122.9716517851633,123.79755773169585,98208600
2020-12-17,125.05097961425781,125.90603381216341,124.40968896582861,125.24530607028412,94359800
2020-12-18,123.06884002685547,125.43966160781517,122.5441496402621,125.30363159052206,192541500
2020-12-21,124.59430694580078,124.672040495101,119.94983486476208,121.47532055765235,121251600
2020-12-22,128.14080810546875,130.599073771845,125.9740246713456,127.8784592702847,168904800
2020-12-23,127.24691009521484,128.67521768491736,127.07200590849821,128.4128836440795,88223700
2020-12-24,128.22828674316406,129.67604646021374,127.38295839338778,127.59672197110412,54930100
2020-12-28,132.81443786621094,133.44600251933943,129.72459253226933,130.19099379190865,124486200
2020-12-29,131.0460662841797,134.85492191166836,130.5310944025397,134.1359124001807,121047300
2020-12-30,129.92864990234375,132.13429294527648,129.61771571736733,131.7359140805847,96452100
2020-12-31,128.92782592773438,130.91970498226274,127.98532727499882,130.27841448791915,99116600
2021-01-04,125.74081420898438,129.8217277473699,123.16594874194453,129.73428309485493,143301900
2021-01-05,127.29549407958984,128.00480720900393,124.7886425294723,125.23560676408721,97664900
2021-01-06,123.01052856445312,127.33436285992687,122.79676500387103,124.09877604874403,155088000
2021-01-07,127.20803833007812,127.89791430422592,124.23480053472447,124.72062409151188,109578200
2021-01-08,128.3059844970703,128.86954151504634,126.53757990692247,128.67520026141898,105158200
2021-01-11,125.32301330566406,126.4792754915705,124.85662694388971,125.5270656786526,100384500
2021-01-12,125.14815521240234,126.01292057820679,123.26315737935117,124.85665810373773,91951100
2021-01-13,127.17889404296875,127.72301407124303,124.84694682860504,125.10928088256377,88636800
2021-01-14,125.2550277709961,127.28576659581172,125.10927181431389,127.09144014639318,90221800
2021-01-15,123.53520202636719,126.52787663913662,123.39917203606663,125.1287025525268,111598500
2021-01-19,124.20565032958984,125.0607045202907,123.34088500532488,124.15706500945309,90757300
2021-01-20,128.28652954101562,128.73349360549489,124.90520273020637,125.01208447435442,104319500
2021-01-21,132.98931884765625,135.70993338633443,129.80231790485385,130.00637029637122,120150900
2021-01-22,135.12698364257812,135.88486727485233,131.19180950505606,132.41607964346215,114459400
2021-01-25,138.86776733398438,140.97623923925303,132.66865562808596,139.01352325855314,157611700
2021-01-26,139.10101318359375,140.20869037046396,137.3617564370404,139.52854031294,98390600
2021-01-27,138.0321502685547,140.208644567784,136.42893888339475,139.36330171958025,140843800
2021-01-28,133.20309448242188,137.96417406452278,132.82415271471342,135.5642045936499,142621100
2021-01-29,128.2185821533203,132.86305498594893,126.51819940588042,131.97885239900157,177523800
2021-02-01,130.3367156982422,131.54156320206033,127.2177225988055,129.95777399701672,106239800
2021-02-02,131.16262817382812,132.44519444855226,130.7933975854858,131.8816374338767,83305400
2021-02-03,130.14244079589844,131.9205571212181,129.82179541007085,131.91083115954507,89880900
2021-02-04,133.49462890625,133.5043400423377,130.7740133593302,132.435536852372,84183100
2021-02-05,133.08102416992188,133.7232731231055,132.20524094162676,133.65516390896917,75693800
2021-02-08,133.22698974609375,133.27564766652046,131.29051736028654,132.37065786118401,71297200
2021-02-09,132.3511962890625,134.17090160726997,132.19551172596402,132.94478730279516,76774200
2021-02-10,131.7478790283203,133.3048434386966,130.78450562896475,132.80855342312873,73046600
2021-02-11,131.494873046875,132.72097244544923,130.17145780866096,132.24414858851415,64280000
2021-02-12,131.7283935546875,131.88409294253404,130.09359452723146,130.7358433658653,60145100
2021-02-16,129.60707092285156,132.35120265140839,129.21782237561078,131.84520181246612,80576300
2021-02-17,127.32030487060547,128.663186614112,125.9871636227175,127.71927913473661,97918500
2021-02-18,126.2206802368164,126.50287241895496,123.98254952435698,125.72439023440656,96856700
2021-02-19,126.37635040283203,127.1937647700894,125.3351422926217,126.73640709556466,87668800
2021-02-22,122.6104736328125,126.23040308983671,122.22123254914695,124.56639727156255,103916400
2021-02-23,122.4742431640625,123.30137584564321,115.20519230196524,120.43073670834654,158273000
2021-02-24,121.97796630859375,122.1823162213377,118.94190197736167,121.57899955251936,111039900
2021-02-25,117.73526000976562,123.05811336412599,117.29736837706596,121.32599812486836,148199500
2021-02-26,117.99797821044922,121.49139980199843,117.93958722628282,119.2921941436735,164560400
2021-03-01,124.35233306884766,124.48856634693102,119.4868376397081,120.42101187120407,116307900
2021-03-02,121.754150390625,125.25730532990295,121.64710890595583,124.95564701355688,102260900
2021-03-03,118.7764663696289,122.32827934815643,118.56238339310273,121.45248872789318,112966300
2021-03-04,116.89839172363281,120.27504677444026,115.4290174341431,118.47481493176636,178155000
2021-03-05,118.1536865234375,118.65970219404976,114.40725661331615,117.72552798386944,153766600
2021-03-08,113.22980499267578,117.74498394850409,113.08383865170997,117.67686731260757,154376600
2021-03-09,117.83255767822266,118.77646492277744,115.5944343694315,115.82797605727136,129525800
2021-03-10,116.7524185180664,118.88350022910564,116.23666982400522,118.4164168777091,111943300
2021-03-11,118.67915344238281,119.89552719538874,117.99798711036199,119.24355264557505,103026500
2021-03-12,117.77417755126953,117.91041082516712,115.9544870681418,117.16112781873039,88105100
2021-03-15,120.654541015625,120.66427408423421,117.18057793774676,118.14395127784391,92403800
2021-03-16,122.19205474853516,123.79766976227535,121.36492199120141,122.31855495993447,115227900
2021-03-17,121.4038314819336,122.47423888090718,119.04892629520441,120.71293209328559,111932600
2021-03-18,117.28760528564453,119.86631876877308,117.08325541441393,119.5743861389264,121229700
2021-03-19,116.76213836669922,118.16340319964601,116.46048007455593,116.67456302671786,185549500
2021-03-22,120.07070922851562,120.53780010933397,117.02491141702193,117.09302806379151,111912300
2021-03-23,119.2435531616211,120.89781850320577,118.85431207414345,120.01230226774646,95467100
2021-03-24,116.85945892333984,119.59387224546333,116.84000020937296,119.51602254128295,88530500
2021-03-25,117.34600830078125,118.38723138862223,115.79878440882977,116.32425877519718,98844700
2021-03-26,117.94933319091797,118.21207408800578,115.72093550893463,117.11246742653448,94071200
2021-03-29,118.12448120117188,119.28247132989765,117.48223975334861,118.37748900748083,80819200
2021-03-30,116.6745834350586,117.16113298447573,115.66255948137214,116.87893335491496,85671900
2021-03-31,118.8640365600586,120.19717735139929,117.89093762370798,118.37748709188328,118323800
2021-04-01,119.6911849975586,120.8394421912494,119.19490239563412,120.33343394406754,75089100
2021-04-05,122.5131607055664,122.76616851425374,119.75928886344587,120.53777100210417,88651200
2021-04-06,122.8148193359375,123.71006860087718,122.26988629191437,123.09701892635115,80171300
2021-04-07,124.45938873291016,124.47884745021324,121.77363287146659,122.44507369286691,83466700
2021-04-08,126.85317993164062,126.88237171232534,125.06268142419076,125.4811068462127,88844600
2021-04-09,129.42218017578125,129.46109760648577,125.9871415439433,126.30826602843275,106686700
2021-04-12,127.70952606201172,129.2762161435529,127.11593504109703,128.95509167174853,91420000
2021-04-13,130.8136749267578,131.0374983592836,128.3809277339075,128.8772176641677,91266500
2021-04-14,128.478271484375,131.36837696548068,128.1182295730411,131.3099933958929,87222800
2021-04-15,130.88182067871094,131.36837019796266,130.04495491166549,130.22012045971883,89347100
2021-04-16,130.55096435546875,131.04723949609195,129.69463249088383,130.6871976204425,84922400
2021-04-19,131.212646484375,131.82570351653897,129.75299819698287,129.91842322109008,94264200
2021-04-20,129.5292205810547,131.88411859918818,128.2641887932471,131.38784340823202,94812300
2021-04-21,129.9087371826172,130.15201197134868,127.76792201144299,128.79940473993418,68847100
2021-04-22,128.39068603515625,130.54122653689166,127.8749447465964,129.46108603950333,84566500
2021-04-23,130.70668029785156,131.48514771146148,128.60478264515086,128.60478264515086,78657500
2021-04-26,131.09591674804688,131.42676689058607,129.9671181870508,131.20295824690538,66905100
2021-04-27,130.7747802734375,131.76734545845767,130.5023137282654,131.37809693084532,66015800
2021-04-28,129.98655700683594,131.38782184344353,129.50000754125335,130.69691506905932,107760100
2021-04-29,129.88922119140625,133.38265710155315,128.88693063436986,132.79879189335512,151101000
2021-04-30,127.92364501953125,129.96714471255788,127.54413687308934,128.2350290853802,109839500
2021-05-03,128.9745330810547,130.46338819019584,128.28364111599663,128.48798358801744,75135100
2021-05-04,124.41072082519531,127.9528084470389,123.29165535400072,127.66087574180307,137564700
2021-05-05,124.65399932861328,126.94077328039651,124.52749169549318,125.72439941828402,84000900
2021-05-06,126.24986267089844,126.25958831497178,123.71006640231249,124.44962368045476,78128300
2021-05-07,126.92244720458984,127.94592476658238,126.21086763240989,127.54628780481441,78973300
2021-05-10,123.64727020263672,126.26934761190338,123.6082792363769,126.14263998590019,88071200
2021-05-11,122.73101043701172,123.0819142652862,119.67028275042819,120.38185488141869,126142800
2021-05-12,119.6702880859375,121.4930768252382,119.16342036759427,120.28438654552215,112172300
2021-05-13,121.81474304199219,122.96495055227784,121.12267010296466,121.43459040557941,105861300
2021-05-14,124.23211669921875,124.66100988052594,122.67251527187383,123.06241748790161,81918000
2021-05-17,123.08191680908203,123.72525662054227,122.0096912267483,123.61803331863223,74244600
2021-05-18,121.69776153564453,123.78372980629568,121.62952920667057,123.36458623209384,63342900
2021-05-19,121.54180908203125,121.76599784022277,119.75801143334377,120.05043995950335,92612000
2021-05-20,124.09565734863281,124.49530918227134,121.94145662294912,122.06817912472063,76857100
2021-05-21,122.26313018798828,124.76824225453443,122.04868358173061,124.59278661639331,79295400
2021-05-24,123.89095306396484,124.70974844818083,122.76024483604364,122.8284771649978,63092900
2021-05-25,123.69601440429688,125.08016771850949,123.13065653206684,124.59278434432386,72009500
2021-05-26,123.64727020263672,124.17363709199465,123.22812661130169,123.75449350065962,56575900
2021-05-27,122.11691284179688,124.41732784538095,121.92196544288971,123.24762857840483,94625600
2021-05-28,121.46382904052734,122.6237861257757,121.40534630909178,122.3995899273286,71311100
2021-06-01,121.14215087890625,122.18513499335711,120.81073884102746,121.92195528308666,67637100
2021-06-02,121.90247344970703,122.07792909380578,120.91797935921073,121.14216813753484,59278900
2021-06-03,120.42086029052734,121.69778300232346,120.02120840977952,121.5320769508381,76229200
2021-06-04,122.71150970458984,122.97469686847107,120.72301503974921,120.93746163646239,75169300
2021-06-07,122.72126007080078,123.13065406520676,121.67827588309044,122.98443979955707,71057600
2021-06-08,123.5400619506836,125.21664395698274,123.02344459916287,123.40359727053726,74403800
2021-06-09,123.92022705078125,124.52457600687696,123.32562769760736,123.99820900061968,56877900
2021-06-10,122.92596435546875,124.95345011953233,122.76025831506651,123.81298472926724,71186400
2021-06-11,124.13465118408203,124.22238272093318,122.91621132668672,123.33535493510138,53522400
2021-06-14,127.18563079833984,127.24411353581664,123.86173050218788,124.59279446771667,96906500
2021-06-15,126.3668441772461,127.30261260822043,126.12315618593904,126.65927274152149,62746300
2021-06-16,126.86395263671875,127.58527439037435,125.2166344350542,127.07839924257492,91815000
2021-06-17,128.46253967285156,129.20336059736883,126.37657131032402,126.52279301183641,96721700
2021-06-18,127.16614532470703,128.1896229684165,126.95169870686416,127.40983331102534,108953300
2021-06-21,128.959716796875,129.0669401319559,125.94773612079095,127.01021243070467,79663300
2021-06-22,130.5972442626953,130.6947253937975,128.29682937988724,128.79396232556323,74783600
2021-06-23,130.32431030273438,130.9286665216875,129.8661757752273,130.39255006678223,60214200
2021-06-24,130.0416259765625,131.240566385548,129.57373445842103,131.05536118547494,68711000
2021-06-25,129.74923706054688,130.50954241745376,129.4568084909208,130.09040620403312,70783700
2021-06-28,131.37710571289062,131.8352404555583,129.98321714903622,130.04169990366805,62111300
2021-06-29,132.887939453125,133.04390333984907,130.95793469390316,131.39657011097157,64556100
2021-06-30,133.5020294189453,133.9406648079474,132.43953852296474,132.73196707347742,63261400
2021-07-01,133.80422973632812,133.8627124846623,132.33234449341114,133.15114759070119,52485800
2021-07-02,136.42628479003906,136.46526832234767,134.27207651002422,134.41828334809892,78852600
2021-07-06,138.4342498779297,139.53570925876045,136.53348691022637,136.53348691022637,108181800
2021-07-07,140.9198760986328,141.231788943126,139.05809657469072,139.91586805219615,104911600
2021-07-08,139.6234588623047,140.42274763655988,137.11833949517367,138.00536723887996,105575500
2021-07-09,141.44622802734375,141.97258743167365,139.04833216120844,139.1458132863032,99890800
2021-07-12,140.85166931152344,142.62572515772004,140.36429329314447,142.51850183873523,76299700
2021-07-13,141.962890625,143.73694652851253,140.00364432229037,140.39353920017592,100827100
2021-07-14,145.38424682617188,145.79365573228569,143.95136027537654,144.36076918149035,127050800
2021-07-15,144.731201171875,146.2128286669575,143.37629622116938,145.47202235618528,106820300
2021-07-16,142.69395446777344,145.9788641734468,142.196836268165,144.71169838540143,93251400
2021-07-19,138.8533935546875,140.43250161447835,138.09308832622733,140.1205738932986,121434600
2021-07-20,142.46002197265625,143.38604842178373,139.3505750817449,139.8379511608488,96350000
2021-07-21,141.72889709472656,142.4404765741107,140.97834896361408,141.8556195804996,74993500
2021-07-22,143.09356689453125,144.45821346206498,142.1285572602189,142.25527975346566,77338200
2021-07-23,144.80914306640625,144.9651069434816,143.2105505102186,143.82464898024415,71447400
2021-07-26,145.22825622558594,146.0470440562457,143.97081824593766,144.5264338354404,72434100
2021-07-27,143.06436157226562,145.44275893789174,141.87516288945258,145.35501995009983,104818600
2021-07-28,141.3195343017578,143.25929604709813,138.94113715127986,141.15382825419624,118931200
2021-07-29,141.962890625,142.84991857675627,140.92965581242072,141.03687913486968,56699500
2021-07-30,142.17730712890625,142.63544169374407,140.47149137109437,140.73467853831747,70440600
2021-08-02,141.84591674804688,143.2398049839172,141.58272954059322,142.66470486730785,62880000
2021-08-03,143.63943481445312,144.30225894055675,141.51446802349406,142.12856645538005,64786600
2021-08-04,143.2398223876953,144.05861060643986,142.58674024606307,143.55175020828588,56368300
2021-08-05,143.34701538085938,144.107320690727,142.47948676454712,143.26903344221475,46397700
2021-08-06,142.6636505126953,143.6105775396916,142.16578765248929,142.86866162914254,54126800
2021-08-09,142.61488342285156,143.21037365568,142.05845003246944,142.72226739584752,48908700
2021-08-10,142.13656616210938,144.1963754257306,141.84369939131616,142.9565812036722,69023100
2021-08-11,142.3903045654297,143.22984760890972,142.06815276895088,142.57578725696132,48493500
2021-08-12,145.3482666015625,145.50446416374155,142.37081574173467,142.71249604702388,72282600
2021-08-13,145.55323791503906,145.88514647193662,144.74298004086066,145.4263255685366,59375000
2021-08-16,147.5251922607422,147.59353426907154,142.9858112009547,145.0065628373872,103296000
2021-08-17,146.61734008789062,148.07188700426227,145.5435005089824,146.6563820290242,92229700
2021-08-18,142.87841796875,147.13470375005627,142.6734068529053,146.2365903149313,86326000
2021-08-19,143.2103271484375,144.4794059910355,141.06266328178802,141.58005455752308,86960300
2021-08-20,144.6649169921875,144.96754045087513,143.28845394220284,143.93275769698107,60549600
2021-08-23,146.14877319335938,146.61735100093347,144.37205937525184,144.78206681885666,60131800
2021-08-24,146.06089782714844,147.27140659304087,145.60207679709836,145.89494350289067,48606400
2021-08-25,144.83087158203125,146.74425443123712,144.28419502392072,146.24637657624294,58991300
2021-08-26,144.0303497314453,145.57276688380205,144.00106455542348,144.82109417148567,48597200
2021-08-27,145.0651397705078,145.21156564308194,143.33723999505236,143.97177197062845,55802400
2021-08-30,149.47763061523438,149.83883931473636,145.07491826892314,145.45564049048158,90956700
2021-08-31,148.2183074951172,149.16523456794167,147.69114453920625,149.02856544896787,86453100
2021-09-01,148.8821258544922,151.293371319359,148.71617155840954,149.1945209265185,80313700
2021-09-02,149.99502563476562,151.0395800272227,148.77476016459727,150.20979354918074,71115500
2021-09-03,150.6295623779297,150.9517142276546,149.44833892893834,150.10239938899159,57808700
2021-09-07,152.96273803710938,153.5191714127496,150.7174463222015,151.2836513561049,82278300
2021-09-08,151.42030334472656,153.3043860941943,150.31717858511598,153.24581573453693,74420200
2021-09-09,150.40499877929688,152.39646482151565,150.28784320329777,151.79121811280663,57305700
2021-09-10,145.42637634277344,151.78151431271888,145.1627947987088,151.31293648668662,140893200
2021-09-13,145.99258422851562,147.81809686029018,145.21161123932484,147.04689552955006,102404300
2021-09-14,144.59658813476562,147.47642687466802,143.4153793726529,146.77355269563384,109296300
2021-09-15,145.4849090576172,145.88515965134906,142.88818092204215,145.02608811276684,83281300
2021-09-16,145.25062561035156,145.42635157507343,143.71798000246844,144.90896023332135,68034100
2021-09-17,142.5855712890625,145.27992686740734,142.29270460935308,145.27992686740734,129868800
2021-09-20,139.53977966308594,141.39457695669392,137.90950701335717,140.37932278347847,123478900
2021-09-21,140.01809692382812,141.16027821011605,139.38356500550353,140.50620298279006,75834000
2021-09-22,142.3805694580078,142.94675948187773,140.28170408222925,141.01386330488788,76404300
2021-09-23,143.3372802734375,143.58133339351843,142.17558503852095,143.16155428115266,64838200
2021-09-24,143.4250946044922,143.96201429353556,142.09744541695585,142.19507259526048,53477900
2021-09-27,141.9119873046875,142.48796392317834,140.39887004950094,142.00961449990794,74150700
2021-09-28,138.5343017578125,141.30674132874793,138.31953384357482,139.8424227657557,108972300
2021-09-29,139.4324188232422,141.013878143942,138.65144592439347,139.08098176355122,74602000
2021-09-30,138.13404846191406,140.9455448156453,137.9192805517919,140.2426707272125,89056700
2021-10-01,139.25665283203125,139.5202342750178,135.80086848455736,138.52449374270236,94639600
2021-10-04,135.83013916015625,138.82711719595142,134.98083947383594,138.38780987258679,98322000
2021-10-05,137.75332641601562,138.8564511470798,136.0449547897289,136.17186716291496,80861100
2021-10-06,138.62216186523438,138.76858776803195,135.07850605934124,136.15234566592073,83221100
2021-10-07,139.8814697265625,140.78935501402486,139.32503639848235,139.6569450430087,61732700
2021-10-08,139.50076293945312,140.75031377150447,139.16885425815033,140.6038878520535,58773200
2021-10-11,139.4128875732422,141.36531233280488,138.43667519346084,138.88573944232053,64452200
2021-10-12,138.14382934570312,139.8424445053315,137.68500826630617,139.82291608395988,73035900
2021-10-13,137.5580596923828,138.03639411972742,135.88873033671427,137.8802114942071,78762700
2021-10-14,140.3402862548828,140.45744186952987,138.1438084019397,138.72954178771872,69907100
2021-10-15,141.3946075439453,141.45317790755652,140.09624319922384,140.35006796929892,67940300
2021-10-18,143.0639190673828,143.34701408719482,139.7545598847163,140.03765490452832,85589200
2021-10-19,145.22134399414062,145.62159463310732,143.06392303976392,143.51297237963328,76378900
2021-10-20,145.70945739746094,146.18780683574556,144.59657585778285,145.16278083703227,58418800
2021-10-21,145.9241943359375,146.08039186170322,144.35249211048287,145.2701339545865,61421000
2021-10-22,145.1530303955078,146.60757740087539,145.1042167942401,146.12924283758312,58883400
2021-10-25,145.1042022705078,145.8168331110648,144.10846150842693,145.14324421012236,50720600
2021-10-26,145.76805114746094,147.25188335627817,145.46541277347194,145.77780790953028,60893400
2021-10-27,145.30923461914062,146.1682914783705,144.95779752805828,145.80709762491546,56094900
2021-10-28,148.9407196044922,149.52643805425132,146.1585085567286,146.256135746264,100077900
2021-10-29,146.2366180419922,146.373287179863,142.92725865743117,143.7179883048137,124953200
2021-11-01,145.4165802001953,146.13896771640327,144.28417043944881,145.44586537540286,74588300
2021-11-02,146.45138549804688,147.96451766703325,145.11396440756303,145.12373606469237,69122000
2021-11-03,147.88641357421875,148.35499132920407,146.25614074482093,146.81257403590004,54511500
2021-11-04,147.3690643310547,148.80408318474133,147.05666914125726,147.97431139150908,60394600
2021-11-05,147.89694213867188,148.79636649786093,146.70422366033108,148.49330137784227,65463900
2021-11-08,147.07574462890625,148.18047945260236,146.80200740282297,148.02405391839477,55020900
2021-11-09,147.43743896484375,148.0435691533501,146.70421118808,146.84107977637362,56787900
2021-11-10,144.61209106445312,146.77267581374304,144.54366421842147,146.6651351263565,65187100
2021-11-11,144.5631866455078,146.0882980655143,144.37743321812488,145.62882237351127,41000000
2021-11-12,146.6357879638672,147.03660782102534,144.18190939663026,145.11066161989166,63804000
2021-11-15,146.64556884765625,148.483531417499,146.08830852560698,147.00728981052836,59222800
2021-11-16,147.62318420410156,148.1022316953491,146.00030323462437,146.58689139053743,59256200
2021-11-17,150.0575408935547,151.53376771191043,147.61344786594324,147.62321886773208,88807000
2021-11-18,154.33953857421875,155.12165110785514,149.62733629184328,150.27258025090998,137827700
2021-11-19,156.95965576171875,157.41914644005507,153.02955003283444,154.12449892543512,117305600
2021-11-22,157.4191436767578,161.99447854129045,157.3995867561447,158.06437288139423,117467900
2021-11-23,157.80043029785156,158.18170822428823,155.50297681960475,157.5169071447605,96041900
2021-11-24,158.31854248046875,158.5140669022848,156.0699743356913,157.1551520319611,69463600
2021-11-26,153.3032684326172,156.8618668141861,152.8633347292546,156.00155632601601,76959800
2021-11-29,156.6566162109375,157.58536872105077,155.23903010240633,155.80606156230635,88748200
2021-11-30,161.60340881347656,161.8184901598309,156.34371666317804,156.41215841772612,174048100
2021-12-01,161.0852813720703,166.49161375206606,160.8506430799377,163.73466976035556,152052500
2021-12-02,160.09783935546875,160.52800204808736,154.27113083970096,155.19011206164845,136739200
2021-12-03,158.2207489013672,161.27098610748033,156.14816349171144,160.3520050545032,118023100
2021-12-06,161.6229705810547,164.12571914002814,160.6062196554979,160.61599065605895,107497000
2021-12-07,167.35194396972656,167.74300783586125,164.57545764919558,165.29891461337388,120405400
2021-12-08,171.16470336914062,172.02502878126478,166.88264814477856,168.2806769394803,116998900
2021-12-09,170.6563262939453,172.79735388590385,170.03063915946248,170.9985052389604,108923700
2021-12-10,175.4369659423828,175.61294836881706,170.78341894665584,171.29179439045112,115402700
2021-12-13,171.80995178222656,178.05705234389498,171.60464142456377,177.06962931153166,153237000
2021-12-14,170.43145751953125,173.76520322122326,168.35887188331523,171.3308817563336,139380400
2021-12-15,175.2903594970703,175.48588396086842,168.4566698432585,171.19405708911282,131063300
2021-12-16,168.4077911376953,177.08921488839127,166.93156422700537,175.27080896540932,150185800
2021-12-17,167.3127899169922,169.59068583995455,165.89521929851176,166.12984262332955,195432700
2021-12-20,165.95388793945312,166.76532847471316,163.71510567618958,164.51676029378936,107499100
2021-12-21,169.1214599609375,169.3267554134747,165.33799395674112,167.72343104614094,91185900
2021-12-22,171.712158203125,171.92723953166936,168.30019977990446,169.17029609354066,92135300
2021-12-23,172.33786010742188,172.89512039322665,171.35045204505695,171.9174833311616,68356600
2021-12-27,176.29727172851562,176.38525547317582,173.11018066452525,173.1297226627458,74919600
2021-12-28,175.280517578125,177.27490525734726,174.5375188860444,176.13107184612667,79144300
2021-12-29,175.36859130859375,176.59063798697883,174.15631563331343,175.31970645794595,62348900
2021-12-30,174.2149200439453,176.53193000592643,174.10737937130014,175.45652327947462,59773000
2021-12-31,173.59902954101562,175.2218958133562,173.29594950484335,174.1073900997929,64062300
2022-01-03,177.939697265625,178.7902515625947,173.73587028238754,173.85318194367048,104487900
2022-01-04,175.68138122558594,178.84893075193062,175.1143499260673,178.54586564233023,99310400
2022-01-05,171.00828552246094,176.14088047095728,170.7345483186125,175.5934060632604,94537600
2022-01-06,168.15359497070312,171.37980064842037,167.80164498917833,168.83793801323478,96904000
2022-01-07,168.3197479248047,170.24569386432273,167.20524242477114,169.02364770562122,86709100
2022-01-10,168.33934020996094,168.64240533418686,164.40923476090865,165.29888813158135,106765600
2022-01-11,171.16470336914062,171.26245812752686,166.99997473942338,168.46643037323963,76138300
2022-01-12,171.60462951660156,173.21772467571947,170.91051556767007,172.1814317936139,74805200
2022-01-13,168.33934020996094,172.6702655459411,167.94827640647682,171.84905393496265,84505800
2022-01-14,169.19967651367188,169.8937905683483,167.2639441267619,167.508353425533,80440800
2022-01-18,166.00279235839844,168.68150862321704,165.62151446360372,167.6745435442064,90956700
2022-01-19,162.51260375976562,167.25414945182573,162.22909557704548,166.19829964047344,94815000
2022-01-20,160.83108520507812,165.88546757565922,160.50846314939517,163.24585020445963,91420500
2022-01-21,158.7780303955078,162.61036568511253,158.67048972769118,160.74307541554964,122848900
2022-01-24,158.00570678710938,158.67050778679211,151.24045969712583,156.44149634340394,162294600
2022-01-25,156.2068634033203,159.1202179477596,153.50859022634555,155.42475069595457,115798400
2022-01-26,156.1188507080078,160.713741500623,154.2906743409117,159.84364519078215,108275300
2022-01-27,155.65939331054688,160.17607231774176,154.74041197266266,158.81715723147198,121954600
2022-01-28,166.5209197998047,166.5404767176366,159.1593140383979,162.0042414218655,179935700
2022-01-31,170.8714141845703,171.0864955438015,165.71926239899202,166.35473547583268,115541600
2022-02-01,170.7052459716797,170.93009836904955,168.45667724529795,170.1186576369502,86213900
2022-02-02,171.90769958496094,171.94681342176997,169.45383589849953,170.84207875406224,84914300
2022-02-03,169.033447265625,172.29876649074853,168.27089152715305,170.57811566132818,89418100
2022-02-04,168.74960327148438,170.42349941150601,167.07570713146276,168.05458991972742,82465400
2022-02-07,168.03501892089844,170.27665387927516,167.3400055860888,169.20967525085985,77251200
2022-02-08,171.13804626464844,171.64706939744136,167.80983647215697,168.1035042386361,74829200
2022-02-09,172.5574188232422,172.9196005956565,171.20655609241282,172.33228001362485,71285000
2022-02-10,168.48526000976562,171.77430598076174,167.92730472233933,170.46260694632986,90865900
2022-02-11,165.07875061035156,169.4249914689082,164.4914151129285,168.69082956541044,98670700
2022-02-14,165.31370544433594,165.99892030677,163.04269054419584,163.83558309476697,86185500
2022-02-15,169.1411590576172,169.29778389652108,166.65480322042677,167.3596000589275,62527400
2022-02-16,168.9062042236328,169.67951494494773,166.45899759893967,168.2209893560315,61177400
2022-02-17,165.31370544433594,168.27971865617212,164.91235997613748,167.4182971510757,69589300
2022-02-18,163.76707458496094,166.93864489391834,162.68051421778296,166.23386310925557,82772700
2022-02-22,160.8500213623047,163.16996871038384,158.7258326412145,161.49607262837773,91162800
2022-02-23,156.68972778320312,162.64132019491717,156.37647821597528,162.0442012768804,90009200
2022-02-24,159.30335998535156,159.4110376690062,148.79015546543386,149.35790916683425,141147500
2022-02-25,161.3688201904297,161.6331077669388,157.47285626304333,160.38013909716133,91974200
2022-02-28,161.63308715820312,161.92675492011216,158.99989062280463,159.61659142915732,95056600
2022-03-01,159.753662109375,163.08187242749526,158.54964050687724,161.2219862371019,83474400
2022-03-02,163.04269409179688,163.82580321014547,159.50892707803538,160.91852050375005,79724800
2022-03-03,162.71966552734375,165.34307890598984,162.0540324670775,164.91236813214016,76678400
2022-03-04,159.72425842285156,162.05400359179123,158.67686189722227,161.01639051416453,83737200
2022-03-07,155.93601989746094,161.5352302369313,155.68150083148916,159.91028134097652,96418800
2022-03-08,154.11529541015625,159.44041971330986,152.50992837199067,155.4661583222758,131148300
2022-03-09,159.5089111328125,159.959203685233,156.04367342146804,158.06995256595388,91454900
2022-03-10,155.17245483398438,157.00296029096637,152.6860849715575,156.81697023000987,105342000
2022-03-11,151.46250915527344,155.91642822664025,151.23737032666907,155.57381332247203,96970100
2022-03-14,147.43931579589844,150.86540543880508,146.93030751756515,148.25179027503273,108732100
2022-03-15,151.8148956298828,152.28477002224423,147.2043670461277,147.71337523300835,92964300
2022-03-16,156.21990966796875,156.62125521924412,151.1982508293672,153.73355381345266,102300200
2022-03-17,157.2281494140625,157.6001296550613,154.3012994227279,155.26060037752023,75615400
2022-03-18,160.51718139648438,161.00662274780382,156.38629519642316,157.1204572234023,123511700
2022-03-21,161.8876190185547,162.83713639325782,159.56765695852218,160.05709828830467,95811400
2022-03-22,165.25497436523438,165.84229498697943,161.42753966012307,162.01486028186812,81532000
2022-03-23,166.61561584472656,168.9942934206818,164.1096638130363,164.4424952526729,98062700
2022-03-24,170.3940887451172,170.46260275503545,166.6156015912022,167.44764277770662,90131400
2022-03-25,171.03038024902344,171.57855215101324,169.1019802060181,170.20812239603873,80546200
2022-03-28,171.8917999267578,172.0190445148475,168.36781639958284,168.53422465828777,90371900
2022-03-29,175.1808319091797,175.22976408859992,172.61614940998814,172.95876428530602,100589400
2022-03-30,174.01597595214844,175.81711647524634,172.96856432856262,174.77950323773482,92633200
2022-03-31,170.92271423339844,174.27049138056105,170.7171422878286,174.0845012718467,103049300
2022-04-01,170.6290283203125,171.18699858724577,168.30908127405286,170.35494237968112,78751300
2022-04-04,174.6718292236328,174.72077634534207,170.75629847192283,170.88355800105404,76468400
2022-04-05,171.36317443847656,174.53475923368862,170.7366902126206,173.75165021722813,73401800
2022-04-06,168.20138549804688,169.96337702443967,166.53728819844997,168.72019203962893,89058800
2022-04-07,168.5048828125,169.69912101079552,166.2632477962957,167.5455818608837,77594700
2022-04-08,166.4981689453125,168.15248323813117,165.6269638660641,168.15248323813117,76575500
2022-04-11,162.2498016357422,165.4605355802755,162.00508096962494,165.14730089465874,72246700
2022-04-12,164.1194610595703,166.28278325109693,163.1209966207163,164.47185939466212,79265200
2022-04-13,166.8016357421875,167.42812018403677,163.2483010667056,163.85520366883756,70618900
2022-04-14,161.7994842529297,167.653212444084,161.55476362429968,167.0169298477089,75329400
2022-04-18,161.5841827392578,163.08187215208477,160.1158586140106,160.45845861462905,69023900
2022-04-19,163.86497497558594,164.27611889634176,160.44868355818875,161.5352440651779,67723800
2022-04-20,163.69854736328125,165.31371275678185,162.59242008519655,165.19623667762264,67929800
2022-04-21,162.9056396484375,167.90773030576432,162.40641490220864,165.34306268686478,87227800
2022-04-22,158.37339782714844,164.32500539707067,158.08952846576778,162.9447923826861,84882400
2022-04-25,159.44041442871094,159.7242838315626,155.11375480994548,157.71757136622622,96046400
2022-04-26,153.4888153076172,158.91181906878418,153.4105028966986,158.82372320771267,95623200
2022-04-27,153.263671875,156.41566043489684,152.09879906936447,152.61760570667977,88063200
2022-04-28,160.1843719482422,161.04579354437072,155.57382764277364,155.88707729102597,130216800
2022-04-29,154.32083129882812,162.69028026576657,153.9292842451666,158.42235165998022,131747600
2022-05-02,154.62429809570312,154.88858563658798,150.0333364297974,153.40069487713816,123055300
2022-05-03,156.11221313476562,157.31624964341847,153.01895506893698,154.81029731534235,88966500
2022-05-04,162.51409912109375,162.964376768375,155.8968429541357,156.29818841895514,108256500
2022-05-05,153.45941162109375,160.61504020896953,151.6778383257631,160.38990141926735,130525300
2022-05-06,154.18487548828125,156.3023722983105,151.14587460582203,152.93986371222095,116124600
2022-05-09,149.0675811767578,152.7633948486293,148.50880608897836,151.8810971374127,131577900
2022-05-10,151.46937561035156,153.65550196924158,149.92046680625165,152.45950928453797,115366700
2022-05-11,143.61700439453125,152.39087300235883,142.9405806152843,150.47925033829725,142689800
2022-05-12,139.7545623779297,143.32293029647687,136.0685607235715,139.96043637411066,182602000
2022-05-13,144.21499633789062,145.18551933414366,140.29371306035543,141.74458368466105,113990900
2022-05-16,142.67588806152344,144.61693408926746,141.34265112461745,142.68570084334092,86643800
2022-05-17,146.30307006835938,146.82263885480765,143.79343645262884,145.93054340694096,78336300
2022-05-18,138.04881286621094,144.46010573899827,137.1469043666091,143.960147405131,109742900
2022-05-19,134.6470947265625,138.87227582415818,133.91185397987616,137.1273056487035,136095600
2022-05-20,134.88235473632812,137.93115346240322,130.00036063657,136.3528361484188,137426100
2022-05-23,140.29368591308594,140.44072802413697,134.9411286932433,135.07837298305947,117726300
2022-05-24,137.59783935546875,139.17615657107172,134.62746828487894,138.03898075989613,104132700
2022-05-25,137.75469970703125,138.99969650386015,135.61759232548434,135.7058176181396,92482700
2022-05-26,140.9505615234375,141.4995389264538,134.44123025043575,134.68631051667606,90601500
2022-05-27,146.69520568847656,146.73441193920726,142.4013957458045,142.5288422380691,90978500
2022-05-31,145.91094970703125,147.69514080945274,143.9503080341332,146.1364342695409,103718400
2022-06-01,145.7834930419922,148.7538634677618,144.77374899266687,146.9500620711425,74286600
2022-06-02,148.23435974121094,148.29317661370146,143.9699569834941,144.92086964479174,72348100
2022-06-03,142.51904296875,145.05807025566116,141.61714962601158,144.00911981753086,88570300
2022-06-06,143.26409912109375,145.64628674294468,142.04849579123675,144.13658414441952,71598400
2022-06-07,145.7834930419922,146.06777945381725,141.26421416659088,141.5092943334597,67808200
2022-06-08,145.04824829101562,146.9206493425614,144.55808797164124,145.65604230031803,53950200
2022-06-09,139.83299255371094,145.0384948829892,139.72515664096548,144.18562036487367,69473000
2022-06-10,134.43145751953125,137.99001347783712,134.36282785208675,137.51946346720038,91437900
2022-06-13,129.28472900390625,132.53938671229503,128.85338540144875,130.25523715092532,122207100
2022-06-14,130.1473846435547,131.25515193955982,128.8925752102517,130.51011351307002,84784300
2022-06-15,132.7648468017578,134.63726323315953,129.5592083618082,131.64728162043858,91533000
2022-06-16,127.50053405761719,129.7846835531672,126.50060254968962,129.4807864670593,108123900
2022-06-17,128.97100830078125,130.4611001773296,127.25544681769559,127.51033981148552,134520300
2022-06-21,133.19619750976562,134.36278178825876,130.69639115129178,130.79441426737327,81000500
2022-06-22,132.6864471435547,135.04900927487205,131.2747825760473,132.13745484401576,73409200
2022-06-23,135.54893493652344,135.8626297533086,132.96088912439794,134.1274730436884,72433800
2022-06-24,138.87228393554688,139.1173641987572,137.01947774401722,137.14690930909833,89116800
2022-06-27,138.87228393554688,140.666273257268,138.1958600157244,139.8918112487565,70207900
2022-06-28,134.73532104492188,140.59763645444562,134.61768731128618,139.33302894232776,67083400
2022-06-29,136.49008178710938,137.90174634957765,133.98046254650382,134.75492447437682,66242400
2022-06-30,134.0294647216797,135.64698810352084,131.1375212724895,134.5490335635321,98964500
2022-07-01,136.1959991455078,136.30383506160413,132.99036001507756,133.36287185008192,71051600
2022-07-05,138.7742462158203,138.82326526029516,134.23535494237336,135.05883599741875,73353800
2022-07-06,140.10743713378906,141.28381901974345,138.30365057809186,138.56834136394644,74064300
2022-07-07,143.46995544433594,143.66601661315485,140.46036340026106,140.4701612232241,66253700
2022-07-08,144.14639282226562,144.64636610420064,142.1465445700594,142.40142264422443,64547800
2022-07-11,142.01907348632812,143.7542455393016,140.95052737444695,142.8033331399919,63141600
2022-07-12,142.9895782470703,145.5286052761855,142.19552087150592,142.89154019342988,77588800
2022-07-13,142.62692260742188,143.5680224891842,139.32323031975335,140.17611985083454,71185600
2022-07-14,145.5482635498047,146.01881345268225,140.43098661066193,141.24465485515523,78140700
2022-07-15,147.21475219726562,147.8911758482325,145.2835192940871,146.83242773695906,76259900
2022-07-18,144.17578125,148.58722466683977,143.81305239727462,147.77355664160174,81420900
2022-07-19,148.0284423828125,148.25391198084102,144.01893385798232,145.0090524915063,82982400
2022-07-20,150.0282745361328,150.69490039584335,147.41082004139457,148.14606057222576,64823400
2022-07-21,152.29286193847656,152.50853373902038,148.94996398855773,151.45958316742,65086600
2022-07-22,151.05764770507812,153.20455292364784,150.3910366563313,152.33206789895848,66675400
2022-07-25,149.9400634765625,151.9889303599999,149.28325033510924,150.97920113195147,53623900
2022-07-26,148.61668395996094,150.07735281781265,147.83242409239264,149.26368451408044,55138700
2022-07-27,153.70455932617188,154.23394116802265,149.1656821954959,149.57741531776043,78620700
2022-07-28,154.2534637451172,154.5377501582959,151.3713185756555,153.89073492463993,81378700
2022-07-29,159.3119354248047,160.409904944982,156.36117506106663,158.0669387195233,101786900
2022-08-01,158.33163452148438,160.37070393464464,157.72384030664722,157.84147403635484,67829400
2022-08-02,156.86114501953125,159.21392420256825,156.48863324172908,156.94938527079637,59907000
2022-08-03,162.86070251464844,163.3116417148104,157.58657171952117,157.67479700322565,82507500
2022-08-04,162.54701232910156,163.89986001020398,161.19416464799912,162.74307352499065,55474100
2022-08-05,162.32119750976562,162.8120387299593,160.0142377831412,160.22039768650808,56697000
2022-08-08,161.85000610351562,164.73615535552312,161.1922805564501,163.32253000929188,60276900
2022-08-09,161.89910888671875,162.78263230320212,160.25970057725633,161.0156004495246,63135500
2022-08-10,166.1399688720703,166.23812814464867,163.8428202002786,164.60853143111325,70170500
2022-08-11,165.4037322998047,167.8579391801427,165.10922447830612,166.94496643142614,57149200
2022-08-12,168.9475860595703,169.01629605421468,166.29703098384923,166.70935086886797,68039400
2022-08-15,170.01759338378906,170.21392688656005,168.21130119143814,168.37818541775778,54091700
2022-08-16,169.8605499267578,170.52810192661653,168.51564947224608,169.61512926108554,56377100
2022-08-17,171.3527069091797,172.92339013736907,169.4089794863745,169.60531301748716,79542000
2022-08-18,170.95999145507812,171.69625328732099,169.94885973714076,170.56732446959606,62290100
2022-08-19,168.37820434570312,170.55754092380556,168.1720444080825,169.86053968443733,70346300
2022-08-22,164.5005645751953,166.74861119438174,164.07843325743647,166.58172694573366,69026800
2022-08-23,164.16673278808594,165.6196334298573,163.59735523592425,164.0194864294595,54147100
2022-08-24,164.46127319335938,165.03065085876125,163.20472075222654,164.2551282502834,53841500
2022-08-25,166.9154815673828,167.02346724627097,165.2662620854037,165.688378388784,51218200
2022-08-26,160.62294006347656,167.9168512892463,160.56404149028532,167.44564772442519,78961000
2022-08-29,158.42393493652344,159.91608162954805,156.89251255304256,158.19813716461735,73314000
2022-08-30,155.99916076660156,159.58229569538483,154.83095626158936,159.1601794345339,77906200
2022-08-31,154.3401641845703,157.63861884578063,154.26162776653078,157.37356030730842,87991100
2022-09-01,155.06658935546875,155.5181549609377,151.83684522830168,153.77076113952282,74229900
2022-09-02,152.9559783935547,157.4226376540656,152.13136852434044,156.82381061062185,76957800
2022-09-06,151.6994171142578,154.21252227519972,150.87480729194033,153.60388383195894,73714800
2022-09-07,153.1032257080078,153.80021196934476,150.79626559392008,151.9841081371773,87449600
2022-09-08,151.6306915283203,153.49588236025656,149.88328282837716,151.80738719524012,84923800
2022-09-09,154.48736572265625,154.92913481819144,151.91536244109605,152.62217501880943,68028800
2022-09-12,160.4363555908203,161.25115382171967,156.3820172588061,156.66669857838036,104956000
2022-09-13,151.0220489501953,157.59931943362142,150.56065692569356,156.97104316313002,122656600
2022-09-14,152.46511840820312,154.22233860679495,150.79626102566698,151.95463927472932,87965400
2022-09-15,149.57896423339844,152.39640331677907,148.6071081028978,151.81719923234522,90481100
2022-09-16,147.9395751953125,148.57767791761873,145.6522527794473,148.4402429431555,162278800
2022-09-19,151.65028381347656,151.72882019825508,146.36884300585444,146.57498790902477,81474200
2022-09-20,154.02598571777344,155.1843789131033,150.2759661753886,150.5900968013731,107689800
2022-09-21,150.90423583984375,155.83228620825895,150.78643873263653,154.45792171393398,101696800
2022-09-22,149.9422149658203,151.64052177438083,148.14573389948876,149.58880860884872,86652500
2022-09-23,147.67449951171875,148.6954577569954,145.83875792782328,148.42058784002563,96029900
2022-09-26,148.00828552246094,150.95333323742267,146.8989794231201,146.91861726875362,93339400
2022-09-27,148.98013305664062,151.88591989139582,147.20329010150107,149.9421927062511,84442700
2022-09-28,147.0953369140625,147.88068609523327,142.18692325585735,144.93563790031018,146691400
2022-09-29,139.87013244628906,144.03247205665744,138.1031007730531,143.42383363893248,128138200
2022-09-30,135.66851806640625,140.4787712884576,135.47218456289696,138.69210195416497,124925300
2022-10-03,139.84066772460938,140.44932105441077,135.16786446408517,135.67834355315813,114311700
2022-10-04,143.42385864257812,143.54165578156733,141.61755096209856,142.37345088895668,87830100
2022-10-05,143.71832275390625,144.6803824609242,140.39041942925496,141.43101553965928,79471000
2022-10-06,142.76609802246094,144.83744897574383,142.55995305808347,143.13914221609966,68402200
2022-10-07,137.5238800048828,140.47875353363153,136.89560388548796,139.9289988222873,85925600
2022-10-10,137.84783935546875,139.2909136665795,136.03173592220895,137.84783935546875,74899000
2022-10-11,136.43423461914062,138.76083241469453,135.68816128454225,137.33738075448184,77033700
2022-10-12,135.80596923828125,137.78897231294513,135.62927355780315,136.58150689181417,70433700
2022-10-13,140.37081909179688,140.95981974279604,131.90870376504793,132.51735724415704,113224000
2022-10-14,135.84521484375,141.87274416009623,135.6586927916983,141.66658426591152,88598000
2022-10-17,139.8014373779297,140.282452315822,137.7006369919499,138.48598615048115,85250900
2022-10-18,141.1168670654297,144.0128276023933,138.03438444661543,142.82500010106065,99136600
2022-10-19,141.22488403320312,142.2949146585481,138.9081120945048,139.09463421767856,61758300
2022-10-20,140.7634735107422,143.21768011702426,140.0370229627389,140.40025572638473,64522000
2022-10-21,144.57240295410156,145.1417806685085,140.03701908535325,140.25299045906925,86548600
2022-10-24,146.7124481201172,147.47815927955588,143.32564645655586,144.49385104011358,75981900
2022-10-25,149.54953002929688,149.69679141311283,146.62411995147127,147.34074408565283,74732300
2022-10-26,146.6143035888672,149.20594507644813,145.32828678897533,148.19481318791426,88194300
2022-10-27,142.14764404296875,146.31979510961392,141.48991849585923,145.35775035197634,109180200
2022-10-28,152.88723754882812,154.61499335183578,145.11231396636444,145.4853431294892,164762400
2022-10-31,150.5312042236328,151.4147275390832,149.13721674827332,150.35450854811523,97943200
2022-11-01,147.89047241210938,152.60255171953904,146.3983256985316,152.2393339638939,80379300
2022-11-02,142.3734130859375,149.38262560122348,142.34396380900958,146.22160672381153,93604600
2022-11-03,136.33607482910156,140.18426855678922,136.20845130657773,139.45781809061094,97918500
2022-11-04,136.07057189941406,140.28896920604143,132.1373281619349,139.71864706361086,140814800
2022-11-07,136.60154724121094,136.82770454508952,133.40578684396397,134.8217569283286,83374600
2022-11-08,137.17190551757812,139.069688836373,135.19545550623369,138.06672226567503,89908500
2022-11-09,132.61915588378906,136.23774833279379,132.3438299914245,136.18857977969958,74917800
2022-11-10,144.41891479492188,144.41891479492188,137.17191586897493,138.88288280173376,118854000
2022-11-11,147.20164489746094,147.5064688885728,141.96059578034578,143.38640864839942,93979700
2022-11-14,145.80535888671875,147.77198095425382,144.96953850636208,146.48384590068005,73374100
2022-11-15,147.53598022460938,151.02673737922098,146.08068410249945,149.67960607049233,89868300
2022-11-16,146.3068389892578,147.36881668355312,144.83187247009243,146.6411761367448,64218300
2022-11-17,148.2046356201172,148.9519465811487,143.71089713297823,143.98622301357588,80389400
2022-11-18,148.76513671875,150.15160903599656,147.46717380781297,149.76811828911318,74829600
2022-11-21,145.53985595703125,147.86047052115927,145.25470236836378,147.65398361312236,58724100
2022-11-22,147.6736602783203,147.909660354169,144.47789906303868,145.65788443814483,51804100
2022-11-23,148.548828125,149.29613922514196,146.84768896962234,146.95585380028717,58301400
2022-11-25,145.63821411132812,146.3953678932279,144.66473067745702,145.83487333926465,35195900
2022-11-28,141.81307983398438,144.1926900865564,140.98710239176233,142.71772393796064,69246000
2022-11-29,138.8140411376953,142.393293327039,138.00773375100172,141.88196729880755,83763800
2022-11-30,145.55953979492188,146.23802684928043,138.2043770255708,139.04018245155586,111380900
2022-12-01,145.83485412597656,146.64117635966434,144.1632284025417,145.7365320270306,71250400
2022-12-02,145.3432159423828,145.53004745802465,143.2192602974079,143.5240993516398,65447400
2022-12-05,144.1829376220703,148.40133640660238,143.33728932207632,145.30391187981684,68826400
2022-12-06,140.5249786376953,144.84171332835018,139.55149534602168,144.61555599946504,64727200
2022-12-07,138.587890625,140.97732977170875,137.663575645007,139.817029693259,69721100
2022-12-08,140.26930236816406,141.1247931057231,138.7451823842777,139.98414879173407,62128300
2022-12-09,139.7875213623047,143.14061609699272,138.5485396692002,139.9645101732408,76097000
2022-12-12,142.07864379882812,142.08847150955347,138.70587850686456,140.31850830999085,70462700
2022-12-13,143.0422821044922,147.46718252429508,141.8328135242381,147.00502505789572,93886200
2022-12-14,140.8199920654297,144.21241242784126,138.80420126905452,142.92427726159215,82291200
2022-12-15,134.22195434570312,139.43350575702271,133.7597969655739,138.75501875197617,98931900
2022-12-16,132.26515197753906,135.35274779526193,131.49817062820333,134.4087776749108,160156900
2022-12-19,130.160888671875,132.94366095306307,129.12842399506934,132.85516655290323,79592600
2022-12-20,130.09205627441406,131.0261987808424,127.72227301817315,129.19723960857664,77432800
2022-12-21,133.18951416015625,134.5268181441457,130.53457661956926,130.76073402008618,85928000
2022-12-22,130.023193359375,132.314309508476,128.12541056444581,132.10782262615243,77852100
2022-12-23,129.659423828125,130.21007573511977,127.47647162243918,128.73510883960984,63814900
2022-12-27,127.85994720458984,129.2169213883547,126.57181200307966,129.1874232542848,69007800
2022-12-28,123.9365234375,128.8432433891337,123.76936236246999,127.505939784758,85438400
2022-12-29,127.44696044921875,128.30243635978945,125.59833816334043,125.85399366425621,75703700
2022-12-30,127.76158905029297,127.78125947114631,125.30331909041402,126.2669671564067,77034200
2023-01-03,122.98271179199219,128.71540946850325,122.09773035328112,128.10576142344397,112117500
2023-01-04,124.2511978149414,126.51281646624362,122.99256074022561,124.77235152537197,89113600
2023-01-05,122.93354034423828,125.63764564758301,122.67788488068354,125.00832719533365,80962700
2023-01-06,127.45680236816406,128.1156191203873,122.8057442493749,123.90705557556224,87754700
2023-01-09,127.97791290283203,131.18351617146814,127.72225745979352,128.29257960577254,70790800
2023-01-10,128.54824829101562,129.06940194282927,125.98180587179891,128.08609090104719,63896200
2023-01-11,131.26219177246094,131.28184718963053,128.28276062052532,129.05956971451124,69458900
2023-01-12,131.1835479736328,132.019353473187,129.2464237509339,131.6457054280313,71379600
2023-01-13,132.51100158691406,132.6683349676498,129.46274610687883,129.8265664212103,57809700
2023-01-17,133.6713104248047,134.99877137842552,131.89151977321038,132.5798345273993,63646600
2023-01-18,132.95350646972656,136.2967583598761,132.77650266153844,134.53663801277594,69672800
2023-01-19,133.01248168945312,133.97612225756075,131.53751520588366,131.8423392118264,58280400
2023-01-20,135.569091796875,135.71659745917918,131.98001240951498,133.02231973826562,80223600
2023-01-23,138.75503540039062,140.92815961902411,135.59860004292767,135.81492969380113,81760300
2023-01-24,140.1513214111328,140.77081216801105,137.95854199183503,137.9683697007518,66435100
2023-01-25,139.49249267578125,140.05297211797858,136.49339126221906,138.53867984910516,65799300
2023-01-26,141.55743408203125,141.84258762170543,139.53180116313032,140.7806101218581,54105100
2023-01-27,143.4945831298828,144.77289057415175,140.69215546789684,140.77082215722044,70555800
2023-01-30,140.61351013183594,143.12095684480488,140.4660194445421,142.540806802597,64015300
2023-01-31,141.88194274902344,141.93111130163894,139.9054929686203,140.31848180314623,65874500
2023-02-01,143.00291442871094,144.16322923439725,138.96152054070433,141.56728874190614,77663600
2023-02-02,148.30299377441406,148.65697138188685,145.6972102432423,146.41502317640206,118339000
2023-02-03,151.92156982421875,154.75351068440185,145.36288637728777,145.55954560277002,154357300
2023-02-06,149.19776916503906,150.54491539574025,148.26362674506663,150.0237617823619,69858300
2023-02-07,152.06907653808594,152.63939885505883,148.12600388600742,148.12600388600742,83322600
2023-02-08,149.3846435546875,152.00025508514892,148.6471601159277,151.31194020980092,64120100
2023-02-09,148.3521270751953,151.75438976697808,147.9096401221254,151.21356571138807,56007100
2023-02-10,148.71652221679688,149.04151212756338,146.95371454850684,147.19007494553122,57450700
2023-02-13,151.51341247558594,151.91717418893083,148.62790397291747,148.65744714640496,62199000
2023-02-14,150.87322998046875,151.43458016213006,148.5687729786889,149.80963097340683,61707600
2023-02-15,152.97093200683594,153.13834833360136,150.55814431502776,150.7846469892343,65573800
2023-02-16,151.37551879882812,153.95572244720177,151.02098573800205,151.17854429955682,68167900
2023-02-17,150.23313903808594,150.67630162569367,148.55896091432058,150.03617955770974,59144100
2023-02-21,146.2249298095703,149.0021077790729,146.15600076088242,147.91880821074704,58867200
2023-02-22,146.64840698242188,147.67260518894304,144.92498541296462,146.60900607426132,51011300
2023-02-23,147.13096618652344,148.05669224456878,145.00378282832062,147.81048914517564,48394200
2023-02-24,144.48184204101562,144.9545478123535,143.50687229977612,144.87576101262292,55469600
2023-02-27,145.67344665527344,146.90446214048941,145.21058363066865,145.46664446890208,44998500
2023-02-28,145.17123413085938,146.81586942805245,144.60004099931746,144.81670098117985,50547000
2023-03-01,143.1030731201172,144.99391093566584,142.80762642427203,144.59999202590106,55479000
2023-03-02,143.69398498535156,144.481837933212,141.71450238763347,142.1872231725768,52238100
2023-03-03,148.7362518310547,148.8150386455079,145.09244806812092,145.79165662743975,70732300
2023-03-06,151.49368286132812,153.9261705239575,151.12930710707832,151.4542819528968,87558000
2023-03-07,149.29757690429688,151.69066400049135,148.83471383986452,151.36567408118486,56182000
2023-03-08,150.54827880859375,151.13917230662574,149.52408044265695,150.48919246419973,47204800
2023-03-09,148.30288696289062,152.19289270805663,147.9483539187185,151.22778082054958,53833600
2023-03-10,146.24465942382812,148.64760438030467,145.3681768808884,147.92869544727571,68572400
2023-03-13,148.1847381591797,150.81418573238946,145.45680332509693,145.56513330123872,84457100
2023-03-14,150.2725372314453,151.07023295988367,147.82036369988242,148.98243524821328,73695900
2023-03-15,150.6664581298828,150.92250395033966,147.64307677577528,148.8937927615987,77167900
2023-03-16,153.48301696777344,154.08375312665916,149.33695019463687,149.84905684492745,76161100
2023-03-17,152.6459197998047,154.35949876084172,151.93685367986137,153.70951897971963,98944600
2023-03-20,155.0094451904297,155.4230795673691,151.80880531492744,152.7148458265595,73641400
2023-03-21,156.8609161376953,156.9790888157361,154.1625247817563,154.93069227015488,73938300
2023-03-22,155.43292236328125,159.67746084227036,155.41322191031108,156.8805976022137,75701800
2023-03-23,156.5162353515625,159.0964541870748,155.28521978995877,156.41776312286146,67622100
2023-03-24,157.81619262695312,157.90482213956633,155.45264879499626,156.44730394409444,59196500
2023-03-27,155.87612915039062,158.3283178086609,155.4723523985585,157.51092158923748,52390300
2023-03-28,155.25564575195312,156.08289946543738,153.61101109186916,155.57079288605044,45992200
2023-03-29,158.3282928466797,158.60403911493316,156.92986104995282,156.94954647836764,51305700
2023-03-30,159.8941650390625,160.0024950198449,158.8207229739758,159.07676882534926,49501700
2023-03-31,162.39556884765625,162.49405610459849,159.45098920585787,159.97293860815142,68749800
2023-04-03,163.6462860107422,163.76445869825218,161.7259047034759,161.77514833228696,56976200
2023-04-04,163.11448669433594,164.30610131295074,162.60238002597387,164.06975594835677,46278300
2023-04-05,161.27288818359375,162.54330471265868,159.34266411557562,162.2380152446489,51511700
2023-04-06,162.15921020507812,162.45465692468338,159.5396056660462,159.96306777674639,45390100
2023-04-10,159.56919860839844,159.56919860839844,157.64881687252208,158.96846226773465,47716900
2023-04-11,158.35784912109375,159.89415417908276,158.07224508795338,159.88431146406083,47644200
2023-04-12,157.66845703125,159.59868074602483,157.35330987869057,158.77144201112134,50133100
2023-04-13,163.0455322265625,163.28189260314673,158.96840964951016,159.17522685740187,68445600
2023-04-14,162.7008514404297,163.79399372639534,161.33196290458474,162.09025757823102,49386500
2023-04-17,162.72056579589844,162.87813940299813,161.53879379674336,162.58269264644778,41516200
2023-04-18,163.94174194335938,164.86746811951792,163.13418846133288,163.57736611842117,49923000
2023-04-19,165.0841064453125,165.60605581206516,163.0258371209191,163.28189796071484,47720200
2023-04-20,164.11900329589844,165.3204757933169,163.04556123695718,163.56751067945328,52456400
2023-04-21,162.51373291015625,163.92200731179602,161.99178358382397,162.54327607753027,58337300
2023-04-24,162.8190460205078,163.0849495926161,161.40091367199096,162.49405610505224,41949600
2023-04-25,161.28274536132812,163.78416246885476,161.24334444666383,162.68117729099055,48714100
2023-04-26,161.27288818359375,162.7698073781101,160.32747660698578,160.58352244501583,45498800
2023-04-27,165.85227966308594,165.99999552987848,162.68118215487013,162.68118215487013,64902300
2023-04-28,167.10296630859375,167.27039764589344,165.33031595199535,165.93105213681218,55275900
2023-05-01,167.01434326171875,167.86128258741087,166.07877442017465,166.70905380019818,52472900
2023-05-02,165.98028564453125,167.76280882251325,164.9954731830596,167.50674796522142,48425700
2023-05-03,164.90684509277344,168.32414556576836,164.6212560883793,166.925713661642,65136000
2023-05-04,163.27206420898438,164.50307988258416,161.81454585901537,162.38573893481126,81235400
2023-05-05,170.9339141845703,171.65282310766082,168.1665784150509,168.3832383689214,113453200
2023-05-08,170.86495971679688,171.20965008439242,169.49607101524845,169.86044681233003,55962800
2023-05-09,169.16122436523438,170.90433143409618,168.99380806621033,170.42178299192224,45326900
2023-05-10,170.92405700683594,171.38692008917508,169.28926463206565,170.3922648627901,53724500
2023-05-11,171.1111602783203,171.93839911576495,169.5551548305296,171.20964753246403,49514700
2023-05-12,170.18418884277344,171.65357963293758,168.63588721671283,171.21966032250447,45533100
2023-05-15,169.69107055664062,170.81530899814229,169.09935977781652,170.7659972586019,37266700
2023-05-16,169.69107055664062,170.74626955321972,169.42479920138675,169.61217478294208,42110300
2023-05-17,170.30250549316406,170.53917778241149,168.06388478776768,169.3360585337975,57951600
2023-05-18,172.62989807128906,172.8172736869499,170.19404516336385,170.60823676479856,65496700
2023-05-19,172.7383575439453,173.95134816577144,172.5213979143073,173.95134816577144,55809500
2023-05-22,171.79164123535156,172.2945999966471,171.05201016081833,171.5746815829952,43570900
2023-05-23,169.18814086914062,170.9829861706954,168.91201313779877,170.7364424785807,50747300
2023-05-24,169.4642333984375,170.03621645106807,168.16249079935005,168.7246024757336,45143500
2023-05-25,170.598388671875,171.49579632773333,169.31635838771984,170.0264054667032,56058300
2023-05-26,173.00460815429688,173.33991896491864,170.71669083708804,170.92379413047703,54835000
2023-05-30,174.8487548828125,176.51539231960112,174.12885165758402,174.51345913931758,55964400
2023-05-31,174.79945373535156,176.87042648421155,174.3162227478627,174.87834951174753,99625300
2023-06-01,177.6001739501953,177.62975798334406,174.4838587106697,175.24321733975688,68901800
2023-06-02,178.44830322265625,179.26683000310032,176.7816656255451,178.52719900186148,61996900
2023-06-05,177.0972442626953,182.3929972823034,175.57852688511534,180.10507993454968,121946500
2023-06-06,176.7323760986328,177.62978364684957,174.97697127382227,177.48186345973468,64848400
2023-06-07,175.36158752441406,178.70471906299082,174.86850018805862,175.9730110061888,61944600
2023-06-08,178.0735626220703,178.33981894141047,175.0065588784877,175.44046308150416,50214900
2023-06-09,178.4581756591797,179.71060666093933,178.13273621096323,178.99070336218668,48900000
2023-06-12,181.2490234375,181.34764691680866,178.468018885392,178.7638742754878,54274900
2023-06-13,180.77565002441406,181.60403301510047,179.91768300176238,180.272706433175,54929100
2023-06-14,181.4068145751953,181.84073380664427,179.50350482104812,180.83483150172444,57462900
2023-06-15,183.4383544921875,183.9413132306641,181.23918907707676,181.4167083517838,65433200
2023-06-16,182.36341857910156,184.4048073735327,181.7224110612984,184.14839232814637,101256200
2023-06-20,182.45216369628906,183.52710548415504,181.86046794433722,181.86046794433722,49799100
2023-06-21,181.4166717529297,182.8466218007744,180.06560242478363,182.34366316376426,49515700
2023-06-22,184.4146270751953,184.46393880857786,181.13066426325057,181.1997036995518,51245300
2023-06-23,184.09906005859375,184.96689848868263,182.45215034536935,182.98469303577104,53117000
2023-06-26,182.70858764648438,185.45015206010262,182.66913223239737,184.2470177435845,48088700
2023-06-27,185.45997619628906,185.78541559077308,183.10301971608257,183.31997931240525,50730800
2023-06-28,186.6335906982422,187.2745983327617,185.00640821194858,185.3318326709401,51216800
2023-06-29,186.96884155273438,187.4422162021352,186.32783407243755,186.4658979165552,46347300
2023-06-30,191.28829956054688,191.79124321876165,188.61575961709715,188.98065447297634,85213200
2023-07-03,189.79916381835938,191.19952989799955,189.10882958307744,191.10090642215079,31458200
2023-07-05,188.68478393554688,190.311965971159,187.98459336367247,188.92147125163748,46920300
2023-07-06,189.15814208984375,189.36524537083605,186.5842258571581,187.2153769807983,45094300
2023-07-07,188.0437469482422,190.00623962579556,187.6098428072387,188.76366516963594,46815000
2023-07-10,186.00241088867188,187.36333679085425,184.45410938571575,186.6434184249519,59922200
2023-07-11,185.479736328125,186.68287064614393,184.02020200954667,186.54480679233018,46638100
2023-07-12,187.14637756347656,189.04968751691854,185.86434744027207,187.05761040387253,60750200
2023-07-13,187.90570068359375,188.54672319895087,187.15621340871894,187.8662603208446,41342300
2023-07-14,188.0536651611328,188.53688115718742,187.00832233558717,187.60001815586816,41616200
2023-07-17,191.30801391601562,191.63345333608896,189.15814548736353,189.24689758888442,50520200
2023-07-18,191.05160522460938,191.64331601668746,189.75971887799713,190.6768691009351,48288200
2023-07-19,192.40267944335938,195.48939585264796,189.9865395225249,190.4303301514657,80507300
2023-07-20,190.45989990234375,193.75371936128715,189.83860510668907,192.39279363664537,59581200
2023-07-21,189.28636169433594,192.2744696321092,188.5861710830146,191.41650251566858,71951700
2023-07-24,190.0851593017578,192.21530010696893,189.59207198839397,190.73603816687742,45377800
2023-07-25,190.94314575195312,191.7518162507371,190.25282645288883,190.6571617022808,37283200
2023-07-26,191.8109588623047,192.9351972994816,190.64728006234532,190.99243214213982,47471900
2023-07-27,190.5486602783203,194.47363103189025,189.8879250921341,193.3099522093675,47460200
2023-07-28,193.12257385253906,193.91151654263126,191.4559363697747,191.97860770429688,48291400
2023-07-31,193.73397827148438,193.7734336784224,192.560428204252,193.3493708168966,38824100
2023-08-01,192.90562438964844,194.01013518521242,192.5801849485631,193.52691923606866,35175100
2023-08-02,189.9175262451172,192.48157144604934,189.19762292480593,192.34350758944402,50389300
2023-08-03,188.5269775390625,189.7103839306254,188.05361799200307,188.92145636813592,61235200
2023-08-04,179.47393798828125,184.7894189873242,179.40489853673822,182.95513345446872,115956800
2023-08-07,176.37733459472656,180.59816071157974,174.89807268327345,179.6119861039443,97576100
2023-08-08,177.31419372558594,177.77769698523286,175.12488493894773,177.205713919119,67823000
2023-08-09,175.72645568847656,178.42856448196,174.56276182695083,178.3693964131728,60378500
2023-08-10,175.50949096679688,178.25105509162734,175.14461118800062,176.99860916334498,54686900
2023-08-11,175.56874084472656,176.3883728930982,174.34424265962002,175.10462674008653,52036700
2023-08-14,177.2178955078125,177.44501774834183,175.09474782272636,175.74650562753334,43675600
2023-08-15,175.2329559326172,177.23759212733944,174.8379595164921,176.64509750315182,43622600
2023-08-16,174.36399841308594,176.30937200366554,174.29486573787133,174.91699954220002,46964900
2023-08-17,171.8260955810547,175.29223725703497,171.31258808782235,174.9268647491592,66062900
2023-08-18,172.30999755859375,172.9123770667114,169.8116075662743,170.14735612669347,61172200
2023-08-21,173.64312744140625,173.92951274494206,171.56937297444222,172.88275833759562,46311900
2023-08-22,175.0157470703125,175.46012191641384,174.04799506153495,174.8478727981476,42038900
2023-08-23,178.85716247558594,179.2817980823254,176.10202612434662,176.289654759779,52722800
2023-08-24,174.17636108398438,178.83739189345877,173.81097351698816,178.41275636104422,54945800
2023-08-25,176.37850952148438,176.91175631972774,173.62337343895007,175.16388093182096,51449600
2023-08-28,177.93878173828125,178.33377827348758,176.31927183489213,177.8400250704037,43820700
2023-08-29,181.81964111328125,182.58989476243158,177.25736718090633,177.4548654120463,53003900
2023-08-30,185.3055419921875,185.50305529692773,182.43191025327192,182.62940848986258,60813900
2023-08-31,185.52281188964844,186.75719481874472,185.13768501849643,185.4931879048022,60794500
2023-09-01,187.09295654296875,187.54720101813678,185.92769123419916,187.12258052751662,45766500
2023-09-05,187.3299560546875,187.60645663383806,185.26607135025952,185.92769881238064,45280000
2023-09-06,180.62478637695312,186.4905763861184,179.20277485131902,186.04618648324464,81755800
2023-09-07,175.3415985107422,175.98348658181322,171.37181936653653,172.9913289322691,112488800
2023-09-08,175.95387268066406,177.98814840122637,175.56874581023814,176.12176201867752,65551300
2023-09-11,177.11912536621094,178.0473836718388,175.1243584797436,177.82026144859472,58953100
2023-09-12,174.0973663330078,177.87951732730735,172.6358612060169,177.24751388848827,90370200
2023-09-13,172.03347778320312,175.08486860955094,171.8063404869434,174.30473020059844,84267900
2023-09-14,173.54434204101562,173.8998448696545,171.41132506918257,171.82607585790313,60895800
2023-09-15,172.823486328125,174.29487626046748,171.64836639188815,174.27512191376346,109259500
2023-09-18,175.74649047851562,177.13887792290447,173.9689761950564,174.2751007250675,67257600
2023-09-19,176.83277893066406,177.38578010579235,174.91701409671836,175.3021409914078,51826900
2023-09-20,173.2974853515625,177.45487842056565,173.20859833310675,177.0203732393163,58436200
2023-09-21,171.7569580078125,174.0973581099587,171.6878404044714,172.36922214048295,63149100
2023-09-22,172.606201171875,174.86759879629756,171.87545623128412,172.4877052502978,56725400
2023-09-25,173.88011169433594,174.75899170155245,171.97421669351675,172.02359502231215,46172700
2023-09-26,169.81158447265625,173.01109513731117,169.51532957863083,172.63585300181884,64588900
2023-09-27,168.30068969726562,170.87808171574733,166.93794126401278,170.46333088230946,66921800
2023-09-28,168.5574493408203,169.88070413963854,165.52579782856736,167.22430983558627,56294400
2023-09-29,169.07095336914062,170.90771561508154,168.21181267677895,169.870831028669,51861100
2023-10-02,171.5792236328125,172.12235512412923,168.79444856905252,169.0808338409062,52164500
2023-10-03,170.24606323242188,171.46070671019788,168.68581669291316,170.1078129668395,49594600
2023-10-04,171.4903564453125,172.03348795172127,168.8339619515459,168.9524578917983,53020300
2023-10-05,172.72474670410156,173.25799352598938,170.52259660006877,171.6187292983148,48527900
2023-10-06,175.27247619628906,175.76622928314396,171.01631193035507,171.62857600439608,57266700
2023-10-09,176.75379943847656,176.81304741944209,173.6036511931428,174.60102736508813,42390800
2023-10-10,176.16127014160156,177.47465549196244,175.72676490471198,175.87489990900735,43698000
2023-10-11,177.55364990234375,177.60302823490863,175.38113888285298,175.9736336691769,47551100
2023-10-12,178.45228576660156,180.0619109305439,176.80313684087554,177.8202822818536,56743100
2023-10-13,176.6155242919922,179.65703072033497,175.91438812346496,179.15340788479125,51427100
2023-10-16,176.48715209960938,176.8426550206093,174.3047562379969,174.54176320804768,52517000
2023-10-17,174.93673706054688,176.19087429527403,172.61610626933813,174.44298390478113,57549400
2023-10-18,173.64312744140625,175.36139405816417,172.92225196490105,173.38638119353993,54764400
2023-10-19,173.2678985595703,175.61815380275291,173.0012675832721,173.8406390743539,59302900
2023-10-20,170.7200927734375,173.22835212793277,170.4830858385587,173.11972583296543,64244000
2023-10-23,170.83860778808594,171.8359838309846,167.80695589693704,168.77472302133776,55980100
2023-10-24,171.27310180664062,171.50022404547477,169.30795876796012,170.88797493724758,43816600
2023-10-25,168.96234130859375,170.89784530264086,168.51795139973865,169.73259505065448,57157000
2023-10-26,164.804931640625,169.2388405091802,163.600172706508,168.2414494672427,70625300
2023-10-27,166.11831665039062,166.8490767618186,164.7456834493569,164.82468576422622,58499100
2023-10-30,168.1624298095703,169.0314401165317,166.7601727667049,166.90830774256386,51131000
2023-10-31,168.63645935058594,168.76482492650203,165.80230595130433,167.23420217717043,44846000
2023-11-01,171.7964630126953,172.0532092124064,167.99455793411695,168.86356825336904,56934900
2023-11-02,175.3514862060547,175.55885407348563,173.2678474852133,173.32709544733643,77334800
2023-11-03,174.4429931640625,174.61088250590672,171.18423421755685,172.06311427874405,79829200
2023-11-06,176.99073791503906,177.18823614800198,174.00847994055556,174.17635419198152,63841300
2023-11-07,179.5484161376953,180.1606652677133,176.7340169447808,176.94138484513783,70530000
2023-11-08,180.60504150390625,181.15804266662394,179.3212801943679,180.07179468790036,49340300
2023-11-09,180.13101196289062,181.81963914926845,179.5385022077218,180.67414339377055,53763500
2023-11-10,184.3136749267578,184.48178544542026,181.475802800193,181.9108804268445,66133400
2023-11-13,182.73159790039062,183.94782669363863,182.1482051958573,183.74018560328048,43627500
2023-11-14,185.342041015625,186.00454008995078,184.21480130754796,185.59912547957174,60108400
2023-11-15,185.90565490722656,187.3789832148446,185.67823345303117,185.7474572062222,53790500
2023-11-16,187.58665466308594,188.82266388785246,186.5385061665612,187.4482222334322,54412900
2023-11-17,187.5668487548828,188.24912816814668,186.4593894684262,188.12057839811112,50922700
2023-11-20,189.30715942382812,189.7620174322178,187.75473976876387,187.76462241033667,46505100
2023-11-21,188.5062255859375,189.37638084971888,187.61630503925363,189.2676114417462,38134500
2023-11-22,189.16871643066406,190.77057938008178,188.6940931656517,189.3467095850447,39617700
2023-11-24,187.84371948242188,188.76330300712377,187.13177703645835,188.73363999587542,24048300
2023-11-27,187.66575622558594,188.53591159550703,186.78571821300812,187.79430602014355,40552600
2023-11-28,188.26890563964844,188.9413024556769,187.2800983304318,187.65584993609482,38415400
2023-11-29,187.25042724609375,189.9399842182602,186.85491037465812,188.7633011569372,43014200
2023-11-30,187.82394409179688,188.18981305356235,186.08364867108205,187.71517468500207,48794400
2023-12-01,189.0995330810547,189.4159436040849,187.11202054575708,188.19971472368132,45704800
2023-12-04,187.3097686767578,187.9228394923183,185.35193435249073,187.85361573572166,43389500
2023-12-05,191.25509643554688,192.2241233156588,188.05135551468544,188.081033613139,66628400
2023-12-06,190.16741943359375,192.58009647341478,189.95976327032974,192.27356863697858,41089700
2023-12-07,192.09561157226562,192.817436726138,191.42321471638212,191.4627754603769,47477700
2023-12-08,193.5194854736328,193.79635031367135,191.50231010992096,192.02637677770835,53406400
2023-12-11,191.01780700683594,191.32434997590968,189.27751140798418,190.948598334338,60943700
2023-12-12,192.53067016601562,192.54055280703432,189.57413099725628,190.9189094878757,52696900
2023-12-13,195.74429321289062,195.7838388648497,192.66910200901862,192.90640609677627,70404200
2023-12-14,195.8926239013672,197.3857175620074,193.964452594447,195.8036348613561,66831600
2023-12-15,195.35867309570312,196.1793699091571,194.79504567055722,195.3191123528845,128538400
2023-12-18,193.6974639892578,194.4291868327445,192.21425301938103,193.8952224343076,55751900
2023-12-19,194.7357177734375,194.7456004150459,193.69746706046115,193.96444926391277,40714100
2023-12-20,192.6493377685547,195.46742966263125,192.6493377685547,194.69616113684165,52242800
2023-12-21,192.50099182128906,194.87413831888384,191.33420648650613,193.90511142023345,46482500
2023-12-22,191.43309020996094,193.22282892375426,190.81013681243016,192.9953923922105,37149600
2023-12-26,190.8892364501953,191.71983089218512,190.67169765519787,191.4429660781885,28919300
2023-12-27,190.98814392089844,191.33423254727063,188.95120308408815,190.3355425015734,48087700
2023-12-28,191.413330078125,192.4812438348005,191.00791544042355,191.96705978425237,34049900
2023-12-29,190.3750762939453,192.2241411947973,189.5840274029703,191.72973752393827,42672100
2024-01-02,183.56219482421875,186.33085840634024,181.83178197139316,185.05528848269014,82488700
2024-01-03,182.18775939941406,183.79952025374087,181.37693010719954,182.15809638511382,58414500
2024-01-04,179.87393188476562,181.04071720671112,178.85546161628733,180.11123597031312,71983600
2024-01-05,179.15208435058594,180.71440156415224,178.15339449300276,179.95303087035154,62379700
2024-01-08,183.4830780029297,183.52263874374273,179.46852282651062,180.0519155054874,59144500
2024-01-09,183.0677947998047,183.07767744176536,180.68476543102267,181.8614486084712,42841800
2024-01-10,184.1060333251953,184.31367440860302,181.8614365329183,182.2866315170422,46792900
2024-01-11,183.5127410888672,184.9564063690912,181.5647895230864,184.4521049955326,49128400
2024-01-12,183.8390655517578,184.64989484239166,183.11724039185432,183.97749798089004,40477800
2024-01-16,181.57470703125,182.19764543114704,178.9049149905355,180.12115895148446,65603000
2024-01-17,180.6352996826172,180.88250149305736,178.2819487070673,179.24109293861534,47317400
2024-01-18,186.51870727539062,187.0229935165519,183.75004409317066,184.00712853391946,78005800
2024-01-19,189.41590881347656,189.80154302609114,186.7065866846462,187.21087293560348,68903000
2024-01-22,191.71983337402344,193.14371820043874,190.1080727596782,190.14763349819026,60133900
2024-01-23,192.9954071044922,193.55903452389106,191.66052626402544,192.83720939883855,42355600
2024-01-24,192.32301330566406,194.18197579456825,192.16480052192722,193.23271418014866,53631300
2024-01-25,191.99673461914062,194.07323623297103,190.94860116972282,193.03498542605584,54822100
2024-01-26,190.26629638671875,192.58010181757646,189.7916731135176,192.09559590318426,44594000
2024-01-29,189.58404541015625,190.04878611194624,187.45811545873704,189.86091028509443,47145600
2024-01-30,185.93533325195312,189.65325866018404,185.37172089064353,188.80288370915284,55859400
2024-01-31,182.33607482910156,185.00586682539145,182.28664653050623,184.94652570867123,55467800
2024-02-01,184.76853942871094,184.85752846784007,181.76257176566293,181.93066720224104,64885400
2024-02-02,183.76983642578125,185.2332669548565,177.24370243482153,177.84687547061628,102551700
2024-02-05,185.579345703125,187.1317803970082,183.75994390321247,186.0440863383638,69668800
2024-02-06,187.1812286376953,187.19111127921153,184.67954732588265,184.76853636353553,43490800
2024-02-07,187.28997802734375,188.91162125480523,186.49892923853312,188.5062066759397,53439000
2024-02-08,186.2122344970703,187.41856575868692,185.25309002092848,187.27025066980107,40962000
2024-02-09,186.9745635986328,188.10324181676,186.1329987846296,186.77653768433356,45155200
2024-02-12,185.2914276123047,186.79633688725167,184.93500212895557,186.54881961012742,41781900
2024-02-13,183.20236206054688,184.360756090923,181.68755769129083,183.92512331150874,56529500
2024-02-14,182.32122802734375,183.68752828939827,180.62821823999963,183.47962222785034,54630500
2024-02-15,182.0341033935547,182.65785175424014,179.54903541760635,181.727184392981,65434500
2024-02-16,180.49949645996094,183.0142804515248,179.86585283584154,181.5984737728991,49752500
2024-02-20,179.75694274902344,180.6182980286837,178.2124373755958,179.98465441119404,53665600
2024-02-21,180.5093994140625,181.0737309260645,178.86588113831095,180.13316833455778,41371400
2024-02-22,182.5390167236328,183.12316891523534,180.6479964148563,181.65785591778803,52292200
2024-02-23,180.70742797851562,183.2023913936763,180.42029946099493,183.17269052734747,45119700
2024-02-26,179.36094665527344,180.9450483706012,178.8560016756048,180.43022324442992,40867400
2024-02-27,180.8163299560547,182.09351248592515,177.77681047698752,179.30152539649055,54318900
2024-02-28,179.6183319091797,181.30144633523983,178.34114943443706,180.69750358801915,48953900
2024-02-29,178.95498657226562,180.75691955299587,177.74710108364005,179.4698267249393,136682600
2024-03-01,177.8758087158203,178.73716395290236,175.61845249589473,177.76690051629518,73563100
2024-03-04,173.36109924316406,175.14321147352493,172.06409607852763,174.4006596751229,81510100
2024-03-05,168.43055725097656,170.33148818677603,167.93552268101038,169.06420089624305,95132400
2024-03-06,167.44049072265625,169.53944760498507,167.00485787713032,169.3612273012443,68587700
2024-03-07,167.32164001464844,169.03445493979737,166.81671032658778,167.47014430312151,71765100
2024-03-08,169.03448486328125,171.9749911536114,167.26226790901475,167.32166963491963,76267000
2024-03-11,171.03440856933594,172.64822576816061,170.3413633360917,171.2225240841993,60139500
2024-03-12,171.50965881347656,172.3017170819102,169.31170429451927,171.43045147590772,59825400
2024-03-13,169.43052673339844,171.4700666239107,169.06419090034882,171.05423942259554,52488700
2024-03-14,171.28195190429688,172.57893998999515,170.34138929390355,171.19284931228447,72913500
2024-03-15,170.90573120117188,170.90573120117188,168.5988682774061,169.47013396047814,121752700
2024-03-18,171.99481201171875,175.94519331439105,171.79680120539754,173.82644596151624,75604200
2024-03-19,174.33135986328125,174.85609525037736,171.31164624406932,172.6086342803731,55215200
2024-03-20,176.89564514160156,176.89564514160156,173.35119593354977,173.97494430389506,53423100
2024-03-21,169.66812133789062,175.72735394947048,169.14338597139206,175.29172116809335,106181300
2024-03-22,170.56907653808594,171.33143385532912,168.37112227286767,170.05423645695066,71160100
2024-03-25,169.15330505371094,170.2324767040703,167.76719930445816,168.87608692531137,54288300
2024-03-26,168.02462768554688,169.71763732680742,167.8959138727621,168.31174106723407,57388400
2024-03-27,171.5888671875,171.87599567632833,168.42064920188324,168.71767294274684,60273300
2024-03-28,169.77703857421875,170.51959037094832,168.81667037520143,170.0443614510728,65672700
2024-04-01,168.3414306640625,169.54931605122675,167.79688969325008,169.48991432845702,46240500
2024-04-02,167.1632843017578,167.65831891419413,166.55934147029518,167.40090635433992,49329500
2024-04-03,167.96519470214844,168.98496453257434,166.90582876011774,167.11373478373662,47691700
2024-04-04,167.14346313476562,170.21266810452119,167.14346313476562,168.59885072968464,53704400
2024-04-05,167.89590454101562,168.69785802201392,167.27215623034843,167.90579979250484,42104800
2024-04-08,166.77713012695312,167.51968192191484,166.5692240844266,167.3513719945941,37425500
2024-04-09,167.98501586914062,168.39094781013864,166.67813256359855,167.02464767080627,42373800
2024-04-10,166.11378479003906,167.4107728345435,165.45044033625643,167.12365945587084,49709300
2024-04-11,173.3016815185547,173.7175238179071,166.49001666248702,166.66822184170525,91070300
2024-04-12,174.7967071533203,176.58872985356905,172.47994902506244,172.52944039553972,101670900
2024-04-15,170.9750518798828,174.875926929409,170.78693631547566,173.61853482041673,73531800
2024-04-16,167.69789123535156,172.03438316124112,166.59891404642835,170.0443499195711,73711200
2024-04-17,166.3316192626953,168.95529649982927,166.3316192626953,167.92563121825307,50901200
2024-04-18,165.38113403320312,166.96525061902096,164.89600984807865,166.36130787024413,43122900
2024-04-19,163.3614044189453,164.7474951408098,162.4505426435407,164.55939469854349,68149400
2024-04-22,164.1930389404297,165.59893510418706,163.13367296874276,163.8762247169617,48116400
2024-04-23,165.24252319335938,165.39104261951863,163.28219064755024,163.70792820716713,49537800
2024-04-24,167.3415069580078,167.618725136268,164.5594148143738,164.88612436876372,48251800
2024-04-25,168.20285034179688,168.91570135131437,166.48012455092012,167.84642483703811,50558300
2024-04-26,167.6186981201172,169.63843239437367,167.49987955768663,168.19293999888993,44838400
2024-04-29,171.7769775390625,174.28185098854456,171.38095596804143,171.64826373021612,68169400
2024-04-30,168.6384735107422,173.2521991943247,168.31174889120035,171.60868084411632,65934800
2024-05-01,167.6186981201172,170.99483730573115,167.43058257791944,167.8959162536964,50383100
2024-05-02,171.3116455078125,171.69777183075684,169.19289835753364,170.79680537480178,94214900
2024-05-03,181.55889892578125,185.14294467827904,180.84604787672814,184.7964144073686,163224100
2024-05-06,179.9054412841797,182.37070337959045,178.62824383792136,180.5390848280799,78569700
2024-05-07,180.58859252929688,183.06376520709566,179.51933122687228,181.6281680754234,77305800
2024-05-08,180.9252166748047,181.25194126160505,179.64801918938014,181.0341248704048,45057100
2024-05-09,182.737060546875,182.82616313989396,180.30148392023486,180.74701199258516,48983000
2024-05-10,181.4779815673828,183.5004555242596,180.56588428269347,183.31208481142474,50759500
2024-05-13,184.6802215576172,185.49318663872077,183.0344740478803,183.84743912898392,72044800
2024-05-14,185.8203125,186.68285108112164,184.69010361608505,185.8996272619275,52393600
2024-05-15,188.09066772460938,189.0126735344407,185.76084369802737,186.29621459797372,70400000
2024-05-16,188.2096405029297,189.458829238671,188.03119361367854,188.83423487080034,52845200
2024-05-17,188.2393798828125,189.1713095252472,187.55530322495105,187.8824709799172,41282900
2024-05-20,189.39932250976562,190.27176982167657,187.38675756521698,187.7040166341828,44361300
2024-05-21,190.69808959960938,191.07481584379752,189.28036268210627,189.44890089382775,42309400
2024-05-22,189.2605438232422,191.16406816634918,188.63596455316463,190.6187885434668,34648500
2024-05-23,185.27505493164062,189.35966699130785,185.0272019643745,189.33983451815809,51005900
2024-05-24,188.34844970703125,188.94330296502375,186.4251079843019,187.1984232707908,36327000
2024-05-28,188.35836791992188,191.3425125399711,187.4760118609873,189.86530324069457,52280100
2024-05-29,188.65577697753906,190.59895109353056,187.8824768517226,187.98162409974876,53068000
2024-05-30,189.64720153808594,190.52955764421512,188.99288109200768,189.12175436970267,49889100
2024-05-31,190.59896850585938,190.91622762632966,188.27906791647348,189.79592715782175,75158300
2024-06-03,192.36363220214844,193.31539419555028,190.86660581567378,191.24333201644762,50080500
2024-06-04,192.68092346191406,193.64259428823095,191.3722523931234,192.96842627855952,47471400
2024-06-05,194.1878204345703,195.20897335736618,193.19640865494378,193.7218556879264,54156800
2024-06-06,192.80979919433594,194.8124556459051,192.5024638984892,194.0094143560484,41181800
2024-06-07,195.1990966796875,195.24867030234284,192.47271383884646,192.97832848334124,53103900
2024-06-10,191.46148681640625,195.6055969774052,190.4998159349584,195.20902308787942,97010200
2024-06-11,205.37098693847656,205.38091074009856,191.96710777388114,191.98692512163242,172373300
2024-06-12,211.24014282226562,218.30889945026047,205.1231180281253,205.58908283581826,198134300
2024-06-13,212.40011596679688,214.8885546834631,209.7827888470424,212.8958219752939,97862700
2024-06-14,210.66513061523438,213.32210737882852,209.4853479747781,212.01345147179217,70122700
2024-06-17,214.80921936035156,217.06963733267014,210.8931452933454,211.5375569916551,93728300
2024-06-18,212.4496612548828,216.75240063817128,211.1707464886947,215.72132373307375,79943300
2024-06-20,207.8792724609375,212.4001241396946,207.05641376758703,212.09277369529264,86172500
2024-06-21,205.7080535888672,210.0702597495804,205.3313122387871,208.58314195009936,241805100
2024-06-24,206.35247802734375,210.87331399723786,204.8157865138524,205.93608683303725,80727000
2024-06-25,207.27450561523438,209.5646648210329,206.81844945769743,207.35380525957078,55549700
2024-06-26,211.41860961914062,213.0147835489249,208.83102368645302,209.68363861405976,66213200
2024-06-27,212.2613067626953,213.88722177256454,210.5263358320774,212.8462361886446,49772700
2024-06-28,208.81117248535156,214.21437951883613,208.4939285392998,213.91695291908772,82542700
2024-07-01,214.88853454589844,215.64200216221636,210.10001313722785,210.26855134899324,60402900
2024-07-02,218.3782958984375,218.48735180877674,213.2526983679821,214.293668724795,58046200
2024-07-03,219.64730834960938,219.64730834960938,217.14894613859082,218.11061688690268,37369800
2024-07-05,224.3961639404297,224.5052198536283,219.7464397478406,219.7464397478406,60412400
2024-07-08,225.8634796142578,225.89322076278884,221.3327197032473,225.13973799267995,59085900
2024-07-09,226.71609497070312,227.42991284004066,224.4259356098064,225.97253595078877,48076100
2024-07-10,230.97914123535156,231.07828847688273,227.28117906796422,227.3307526887298,62627700
2024-07-11,225.61561584472656,230.39421338925845,223.83107137940016,229.40280147827102,64710600
2024-07-12,228.56008911132812,230.64206011910093,226.71606240173486,226.9540066999144,53046500
2024-07-15,232.38697814941406,235.19267606238645,231.08823078613918,234.44911702590872,62631300
2024-07-16,232.80335998535156,234.24090427881208,230.33473879844306,232.98180687397965,43234300
2024-07-17,226.9143829345703,229.47222770464353,224.6936146131452,227.4794799069808,57345900
2024-07-18,222.25473022460938,228.46097889584826,220.36114484151935,228.3023493485251,66034600
2024-07-19,222.3836212158203,224.85224251867803,221.36246807560826,222.88925101284036,49151500
2024-07-22,222.03660583496094,225.8237912569016,221.17406723372827,225.06039989232605,48201800
2024-07-23,223.0775909423828,224.9910238167192,220.76759935066607,222.44308791792702,39960300
2024-07-24,216.66317749023438,222.86942645430565,215.2652980307627,222.07629380801336,61777600
2024-07-25,215.62217712402344,218.95332167523742,212.77681471652627,217.0497975364767,51391200
2024-07-26,216.08815002441406,217.6050090608147,214.15488466672127,216.8217851678197,41601300
2024-07-29,216.36573791503906,217.41663210574902,213.89711684474761,215.0967318967012,36311800
2024-07-30,216.92092895507812,218.43778796730905,214.2639371695869,217.3075789949067,41643800
2024-07-31,220.17274475097656,221.8978068103832,218.73520059867647,219.5382417741392,50036300
2024-08-01,216.48471069335938,222.55214689360594,215.15622233135366,222.44309097566543,62501000
2024-08-02,217.97181701660156,223.6625266661827,215.8402875210575,217.26790792406092,105568600
2024-08-05,207.4727783203125,211.66644653820467,194.31673780556494,197.38019703112641,119548600
2024-08-06,205.45028686523438,208.18659343179937,199.34320096724198,203.53686913101606,69660500
2024-08-07,208.01806640625,211.80525225793107,204.61751548926864,205.12313014700663,63516400
2024-08-08,211.4780731201172,212.36042911915672,207.03655197769595,211.27979376271134,47161100
2024-08-09,214.38290405273438,214.9182597959333,210.1495712142523,210.2784595957283,42201600
2024-08-12,215.9114532470703,217.8767166928247,213.99582080224636,214.46232494953352,38028100
2024-08-13,219.62362670898438,220.2390087017958,217.38043273085663,217.38043273085663,44155300
2024-08-14,220.07029724121094,221.37054778476931,218.06532277692483,218.92885985517657,41960600
2024-08-15,223.04795837402344,223.67327566716008,221.1025352094067,222.9288560878089,46414000
2024-08-16,224.36810302734375,225.1422983120676,221.9859508745138,222.25394621007445,44340200
2024-08-19,224.20924377441406,224.30850577318623,221.3804434072076,224.04051049270504,40687800
2024-08-20,224.8246612548828,225.4797542015927,223.7725505409132,224.09017687092657,30299000
2024-08-21,224.7154998779297,226.283745950568,223.37555343057218,224.83461733532874,34765500
2024-08-22,222.859375,226.64102413052154,222.2340576918725,226.09511339685906,43695300
2024-08-23,225.15219116210938,226.52192810531062,222.66087229355688,223.98097823318813,38677300
2024-08-26,225.48965454101562,225.58891654674125,222.22414052811973,225.0727813784282,30602200
2024-08-27,226.3333282470703,227.14723425887112,223.21669220638537,224.31843379232603,35934600
2024-08-28,224.80479431152344,228.14971479709,224.0008084384826,226.22414704916858,38052200
2024-08-29,228.0802459716797,231.18696212304621,227.1770283167567,228.3879521456165,51906300
2024-08-30,227.29612731933594,228.68570457235603,225.78743262658827,228.4772755570311,52990800
2024-09-03,221.11248779296875,227.2961293418145,219.52438650802387,226.84948058831634,50190600
2024-09-04,219.20675659179688,220.1298295937355,215.86182100754215,220.01072730838987,43840200
2024-09-05,220.7253875732422,223.80231295165626,219.87178579311316,219.9809679444758,36615400
2024-09-06,219.177001953125,223.56411324365834,218.13481142105056,222.2837029728863,48423000
2024-09-09,219.2663116455078,219.62363365317324,215.0975649862482,219.17698492990527,67180000
2024-09-10,218.47225952148438,219.83206111139577,215.1174037589381,217.29111136152258,51591000
2024-09-11,221.0032958984375,221.43008920211523,216.26878297144034,219.81222755985956,44587100
2024-09-12,221.11248779296875,221.8866830044339,218.1844402475294,220.84449248276735,37455600
2024-09-13,220.844482421875,222.37301734416337,220.25887596851652,221.91644846858938,36766600
2024-09-16,214.71047973632812,215.60377723416104,212.32832783334672,214.92882889414335,59357400
2024-09-17,215.17697143554688,215.28615358843467,212.904016801209,214.14471619981742,45519300
2024-09-18,219.04795837402344,221.05293280374121,215.92138686335736,215.9313221513165,59894900
2024-09-19,227.16708374023438,228.11002736409566,222.95864123060412,223.31596324984213,66781300
2024-09-20,226.5020751953125,231.3556905514529,225.92638886705737,228.2589097535001,318679900
2024-09-23,224.78494262695312,227.742765583781,224.12984974700805,225.64846451262724,54146000
2024-09-24,225.67825317382812,227.64353192764617,224.05045616714196,226.94872814757065,43556100
2024-09-25,224.68569946289062,225.59885242729763,222.3531936181764,223.2564112941643,42308700
2024-09-26,225.82713317871094,226.7998372114188,223.73283210674714,225.60876888531146,36636700
2024-09-27,226.0951385498047,227.81227751628776,225.60879405182706,226.76016679177644,34026000
2024-09-30,231.266357421875,231.266357421875,227.9412771261621,228.3283747151782,54541900
2024-10-01,224.52688598632812,227.9412778656533,222.07526286618742,227.81225543239978,63285000
2024-10-02,225.0926513671875,225.67825786117984,221.36063294746157,224.2092739820147,32880600
2024-10-03,223.99090576171875,225.12242301224842,221.65839996957536,223.4648504260935,34044200
2024-10-04,225.11248779296875,226.3035561118749,222.46235586119454,226.20429410810965,37245100
2024-10-07,220.04052734375,224.01076551273388,219.68320530273118,222.8296172342201,39505400
2024-10-08,224.09017944335938,224.29860847272343,221.58892507419034,222.6311156567822,31855700
2024-10-09,227.83209228515625,228.0405364361267,223.15714569962594,223.55416342639623,33591100
2024-10-10,227.3358154296875,227.7923994519787,225.47973405841245,226.0851959438118,28183500
2024-10-11,225.85693359375,227.70309500312143,225.64848941975737,227.5939128444124,31759200
2024-10-14,229.57901000976562,230.0058033150611,226.89910245149323,226.99834931201846,39882100
2024-10-15,232.11004638671875,235.7229623804217,230.6410474142004,231.87182665313995,64751400
2024-10-16,230.05545043945312,230.39291705034768,228.1298824963092,229.87679699083486,34082200
2024-10-17,230.42266845703125,232.1100316250369,228.80480686495974,231.69314333147315,32993800
2024-10-18,233.25148010253906,234.4226930307779,232.26884075534687,234.4226930307779,46431500
2024-10-21,234.72047424316406,235.08773156933626,232.7055796017645,232.7055796017645,36254500
2024-10-22,234.10507202148438,234.46239402859047,230.8693336731526,232.14972869721714,38846600
2024-10-23,229.04302978515625,233.39044533687328,226.0653512199268,232.33833466706656,52287000
2024-10-24,228.85446166992188,229.10260155629064,226.710529416834,228.26884002769643,31109500
2024-10-25,229.68817138671875,231.48470145399645,227.8618657494506,228.03059902781462,38802300
2024-10-28,231.6633758544922,232.98348177622344,230.81970938626554,231.5839844241638,36087100
2024-10-29,231.931396484375,232.58648944554818,230.59145013134693,231.36564539627622,35417200
2024-10-30,228.38792419433594,231.7328445287285,227.84201349481597,230.87924283818487,47070900
2024-10-31,224.22914123535156,228.11997302154123,223.6931505739168,227.63361336879595,64370100
2024-11-01,221.25143432617188,223.67328184782377,218.6310779402587,219.32586653780092,65276700
2024-11-04,220.35812377929688,221.13231895883285,218.0752491010658,219.34572401852256,44944500
2024-11-05,221.7874298095703,222.28370958768312,219.49461965793014,220.14971259990074,28111300
2024-11-06,221.0628662109375,224.3879467919736,219.54425129715867,220.95368405362794,54561100
2024-11-07,225.7874298095703,226.18446269494834,222.89909318788202,222.95864433437472,42137700
2024-11-08,225.51914978027344,227.20835428792034,224.9726384261151,225.72780810336752,38328800
2024-11-11,222.80648803710938,224.26715706282306,220.093823487321,223.5716039938927,42005600
2024-11-12,222.80648803710938,224.1578547832826,221.94201602014732,223.12446381828886,40398300
2024-11-13,223.6908416748047,225.2111273985325,221.34582330978657,222.58788780053936,48566200
2024-11-14,226.77113342285156,227.41700079571672,223.5715745650122,223.5914518391994,44923900
2024-11-15,223.5715789794922,225.4793879673537,222.84621765747355,224.96268496170848,47923700
2024-11-18,226.57241821289062,228.28149999782985,223.74050538640262,223.8199993254601,44633700
2024-11-19,226.8307647705078,228.6988344551977,225.22105418122663,225.53901477922054,36211800
2024-11-20,227.5462188720703,228.47030759238797,224.45596175602086,226.6121839320157,35169600
2024-11-21,227.06924438476562,228.69883223369175,224.2770861035494,227.42695953023323,42108300
2024-11-22,228.41065979003906,229.25526960886552,226.6121530455377,226.6121530455377,38168300
2024-11-25,231.39161682128906,231.7692092379923,228.28149797848934,229.99057974831032,90152800
2024-11-26,233.56771850585938,234.07449047305911,231.84870566104107,231.84870566104107,45986200
2024-11-27,233.4385223388672,234.19370712659864,232.32563759305353,232.98145117337265,33498400
2024-11-29,235.8233184814453,236.3002669685808,232.48464874765904,233.31931239062584,28481400
2024-12-02,238.06895446777344,239.26133321145704,235.654388648958,235.76369091824088,48137100
2024-12-03,241.10952758789062,241.21882985808793,237.3833345065081,238.28756099978403,38861000
2024-12-04,241.46725463867188,242.56027739454964,239.7184333911867,241.32814402991647,44383900
2024-12-05,241.4970703125,242.98754766386446,240.59285890906452,242.44105143123323,40033900
2024-12-06,241.29832458496094,243.0769692456264,240.5431549096241,241.36788746709487,36870600
2024-12-09,245.1835174560547,245.67041216886827,240.21525975684386,240.29475369946152,44649200
2024-12-10,246.19703674316406,246.63424582967986,243.7824557106041,245.32261857013248,36914800
2024-12-11,244.9251708984375,249.20780656351602,244.69662013013263,246.3858398593606,45205800
2024-12-12,246.3858184814453,247.1608653940442,244.1202792424049,245.32260415969785,32777500
2024-12-13,246.5547637939453,247.7073880681415,244.676762972136,246.24673423955153,33155300
2024-12-16,249.44625854492188,249.78411156803347,246.07778066556844,246.41563368868003,51694800
2024-12-17,251.87075805664062,252.2185421189052,248.19425082976375,248.49234928857376,51356400
2024-12-18,246.47528076171875,252.66572594292316,246.16725119368886,250.55918941684527,56774100
2024-12-19,248.20420837402344,250.4001849209636,245.52135228225407,245.92875304737495,60882300
2024-12-20,252.8743896484375,253.3811464831127,244.13025293349912,246.4653249902114,147495300
2024-12-23,253.6494140625,254.02699130961165,251.84096111600803,253.15258832932108,40858800
2024-12-24,256.560791015625,256.57070690893096,253.66924678278625,253.86798918256417,23234700
2024-12-26,257.3755798339844,258.44874034869076,255.99442012888886,256.55086249805703,27237100
2024-12-27,253.96739196777344,257.05766400729357,251.45345479939442,256.19316170058187,42355300
2024-12-30,250.598876953125,251.89062678955742,249.15808547329988,250.62868528180354,35557500
2024-12-31,248.8302001953125,251.6720440162376,247.84647977817443,250.83738041728796,39480700
2025-01-02,242.3019256591797,247.51859606258614,240.28481431614935,247.34966196417784,55740700
2025-01-03,241.8150177001953,242.6298040057451,240.3543488544026,241.8150177001953,40244100
2025-01-06,243.44464111328125,245.75985115227877,241.65606520741187,242.7590190858713,45045600
2025-01-07,240.67233276367188,243.99112508347835,239.81779188041267,241.43743349025635,40856000
2025-01-08,241.15921020507812,242.16280789951685,238.52603985831155,240.3841632667122,37628900
2025-01-10,235.3463592529297,238.63534322792128,231.52079498772144,238.48628640867517,61710900
2025-01-13,232.91189575195312,233.180185891021,228.26161420500546,232.04742383507855,49630700
2025-01-14,231.79904174804688,234.62100862534365,230.99418638589506,233.25971079858908,39435300
2025-01-15,236.35989379882812,237.4429855317883,232.94172997653553,233.1504034772107,39832000
2025-01-16,226.81088256835938,236.49898454969573,226.58234697208553,235.84318609247865,71759100
2025-01-17,228.5199737548828,230.8153063545454,227.02949646555186,230.6463874145182,68488300
2025-01-21,221.22657775878906,222.99527628303537,217.9872792040061,222.57794445660952,98070400
2025-01-22,222.4090118408203,222.6971640978084,218.39465138442915,218.39465138442915,64126500
2025-01-23,222.2401123046875,225.58871322146769,220.88874557201237,223.3132578125695,60234800
2025-01-24,221.3656768798828,224.19758968028435,220.00437919561992,223.35297985225768,54697900
2025-01-27,228.40074157714844,230.67619691244207,222.55806572164707,222.59782027357136,94863400
2025-01-28,236.74740600585938,238.66516132615985,229.3447052045828,229.3844597561093,75707600
2025-01-29,237.84043884277344,238.33726462451705,232.52439691334908,232.63369919180946,45486100
2025-01-30,236.0816650390625,239.26134692510684,235.7040877651042,237.1548105184623,55658300
2025-01-31,234.5017547607422,245.62071750771995,231.95800933839706,245.62071750771995,100959800
2025-02-03,226.56246948242188,230.35822543026035,224.2671369795404,228.52991033796462,73063300
2025-02-04,231.3220672607422,231.64997406812495,225.21110156992967,225.80729852188347,45067300
2025-02-05,230.99415588378906,231.19288314320298,226.82082278842498,227.07916670947125,39620300
2025-02-06,231.73939514160156,232.31571480889477,228.9670990724139,229.82163993606684,29925300
2025-02-07,226.1848907470703,232.51444580894437,225.81722939017394,231.1233398047693,39707200
2025-02-10,226.45346069335938,229.378010419489,226.00582893863492,228.36338248973718,33115600
2025-02-11,231.3973388671875,233.99362125199642,226.93094812871882,227.000572314181,53718400
2025-02-12,235.625,235.71453849328682,229.4675323792709,229.98480349517558,45243300
2025-02-13,240.26052856445312,241.06626881430705,234.33186254170715,235.66481592241834,53614100
2025-02-14,243.31439208984375,244.25939586817944,239.72336558929686,239.981993568851,40896200
2025-02-18,243.18508911132812,243.89134891584123,240.56890729516905,242.8667637165237,48822500
2025-02-19,243.58294677734375,244.7169542759842,241.88194311867716,243.37405904734027,32204200
2025-02-20,244.5379180908203,245.4829218502696,243.00600383864503,243.65259654249155,32316900
2025-02-21,244.2593994140625,247.38289505871285,243.93113206298463,244.65729095432025,53197400
2025-02-24,245.80125427246094,247.55199828948733,243.1353323966777,243.64264638435856,51326400
2025-02-25,245.74156188964844,248.68601093773057,243.62276739789988,246.69652285022872,48013300
2025-02-26,239.0966796875,243.69239232640413,237.87314875998453,243.04581476744292,44433600
2025-02-27,236.05276489257812,241.18564780716906,235.81402085750776,238.1516754344793,41153600
2025-02-28,240.56887817382812,240.8175641664438,228.9900589647863,235.70458076540925,56833400
2025-03-03,236.77890014648438,242.7473638198223,234.8689935924468,240.51913191748446,47184000
2025-03-04,234.68995666503906,238.80821160759587,233.4465266012979,236.46061504010896,53798100
2025-03-05,234.50096130371094,235.30670153327668,228.0251680036218,234.18263593082168,47227600
2025-03-06,234.09312438964844,236.60982567864426,231.93453157387603,233.207802772317,45170400
2025-03-07,237.8134307861328,240.10132960679226,233.52607183924505,233.8742382746953,46273600
2025-03-10,226.2843475341797,234.91873283818802,223.041487749586,234.30198127309518,72071200
2025-03-11,219.67926025390625,224.65298022983382,216.30707871737093,222.63365113389432,76137400
2025-03-12,215.8395538330078,220.58448707211764,213.7804415985268,218.98294858814833,62547500
2025-03-13,208.5779266357422,215.70029772842102,207.3245545879158,214.81497612462363,61368300
2025-03-14,212.36790466308594,212.8254784087618,208.4784519318959,210.13967261110687,60107600
2025-03-17,212.87521362304688,214.0888025037831,208.8663965620962,212.18883784213668,48073400
2025-03-18,211.5720977783203,214.01915944879542,210.37840804794794,213.03437263106773,42432400
2025-03-19,214.10870361328125,217.6101915579757,212.6265295918345,213.0940604852241,54385400
2025-03-20,212.97471618652344,216.34689805154306,211.1045924362575,212.86529372925065,48862900
2025-03-21,217.12277221679688,217.68976839110027,210.16950634984832,210.4480334492585,94127800
2025-03-24,219.56983947753906,220.3158974796034,217.4311459430569,219.8384246082871,44299500
2025-03-25,222.57395935058594,222.9221258053629,218.9232508666907,219.60962662242414,34493600
2025-03-26,220.3656463623047,223.83730853242594,219.3112201065871,222.33523531503357,34466100
2025-03-27,222.67344665527344,223.80745418869535,219.40073045135125,220.22636977863218,37094800
2025-03-28,216.7547149658203,222.6336557419088,216.5358700680628,220.504904155295,39818600
2025-03-31,220.9624786376953,224.4341253115235,215.09348022110552,215.86937928840504,65299300
2025-04-01,222.01690673828125,222.5043215641154,217.74944665223015,218.65466729819107,36412700
2025-04-02,222.71324157714844,224.00641185945875,219.8583310514353,220.15675729790527,35905900
2025-04-03,202.12203979492188,206.39944211542388,200.19223396809613,204.4596791341039,103419000
2025-04-04,187.389892578125,198.82944937179326,186.35535024633944,192.87092693410324,125910900
2025-04-07,180.50625610351562,193.12954493623218,173.70219548773406,176.26863687444822,160466300
2025-04-08,171.51376342773438,189.33957458197378,168.32064359895526,185.71870692843436,120859500
2025-04-09,197.80487060546875,199.55561475938035,170.98656295712524,171.0462451746259,184395900
2025-04-10,189.4191436767578,193.7562279640405,182.03814529024513,188.07624843340898,121880000
2025-04-11,197.1085205078125,198.49121408156802,185.0820690088969,185.12186726950821,87435900
2025-04-14,201.45556640625,211.8207974391945,200.10271391024364,210.32868138530173,101352900
2025-04-15,201.07754516601562,202.44033954558066,198.74984792281177,200.7990180691496,51343900
2025-04-16,193.24891662597656,199.64511311117855,191.35889396287376,197.31741584829123,59732400
2025-04-17,195.94464111328125,197.78492332402996,193.39809926258812,196.16348597656767,52164700
2025-04-21,192.144775390625,192.78141101209272,188.81237656005126,192.2541978495612,46742500
2025-04-22,198.69017028808594,200.53043756485187,194.93998119085117,195.08918671811182,52976400
2025-04-23,203.52462768554688,206.9067512010516,201.7340854567431,204.9172632087338,52929200
2025-04-24,207.27481079101562,207.73239972806866,201.87335793866913,203.81310578126346,47311000
2025-04-25,208.1800079345703,208.64753879478604,205.11619481641537,205.2852994626612,38222300
2025-04-28,209.03550720214844,210.38835967290976,206.3696005213303,208.89624364686077,38743100
2025-04-29,210.09988403320312,211.12446912484504,207.27479957627347,207.59312493762445,36827600
2025-04-30,211.3831024169922,212.4574277707069,205.5837430092506,208.19992461631293,52286500
2025-05-01,212.19879150390625,213.43226431553572,207.8020097882055,207.98107159612528,57365700
2025-05-02,204.27069091796875,205.9020705063368,201.09745506032002,205.0067917796952,101010600
2025-05-05,197.84463500976562,203.02725796650907,197.1682163705072,202.03251395918386,69018500
2025-05-06,197.4666290283203,199.59538061408486,195.98447015970467,197.1682179665783,51216500
2025-05-07,195.21852111816406,198.3917570874617,192.23428894820486,198.12317194216024,68536700
2025-05-08,196.45201110839844,198.99855348942916,193.65676753221484,196.68079799363124,50478900
2025-05-09,197.4865264892578,199.48595647897335,196.50172445806652,197.95405738682032,36453900
2025-05-12,209.95704650878906,210.435160708662,205.93301745006437,210.13634313336473,63775800
2025-05-13,212.08859252929688,212.55673652410627,208.17412935394688,209.59847136477597,51909300
2025-05-14,211.490966796875,213.09460539099953,209.7478820292828,211.5905625216416,49325800
2025-05-15,210.61444091796875,212.11848379882832,208.71198473801002,210.11641669484823,45029500
2025-05-16,210.42520141601562,211.73003772257164,208.94109887256835,211.52086084946143,54737900
2025-05-19,207.9550018310547,208.65223273202483,203.45285841572866,207.0884445111699,46140500
2025-05-20,206.04258728027344,207.64622592622177,204.2198167548668,206.84938410987283,42496600
2025-05-21,201.29141235351562,206.2218487675542,199.9168759316908,204.359243170771,59211800
2025-05-22,200.5643310546875,201.94883789272,198.91088686006037,199.91690559460176,46742400
2025-05-23,194.49838256835938,196.91877297523902,192.6955373289648,192.9046989896,78432900
2025-05-27,199.4188690185547,199.94677348688452,196.64984031499387,197.51641281084125,56288500
2025-05-28,199.62802124023438,201.92889064401075,199.1100718095576,199.79734764673603,45339700
2025-05-29,199.15988159179688,203.0046291598645,197.72556941325453,202.77554227533128,51396800
2025-05-30,200.05633544921875,201.1619498266407,196.00241099917397,198.5821728136608,70819900
2025-06-02,200.90296936035156,201.33127809714276,199.32921098525782,199.488582384924,35423300
2025-06-03,202.46678161621094,202.96480586317466,200.16591202699755,200.55437033168948,46381600
2025-06-04,202.0185546875,205.42503857555045,201.30139858491114,202.10819540070028,43604000
2025-06-05,199.8372039794922,203.94091870107042,199.35908978394463,202.69585814733983,55126100
2025-06-06,203.11419677734375,204.8871617909174,201.2515910514923,202.19783403313102,46607700
2025-06-09,200.65396118164062,205.18598475848052,199.22961916524454,203.58234611432158,72862600
2025-06-10,201.869140625,203.54250994980842,199.77744796710627,199.8073282051838,54672600
2025-06-11,197.9945068359375,203.69190510411792,197.62597377823997,202.69585666840098,60989900
2025-06-12,198.41285705566406,198.890956077424,196.58013147350607,198.29333609984755,43904600
2025-06-13,195.67372131347656,199.57822954037988,194.92668495173118,198.94075911963023,51447300
2025-06-16,197.63592529296875,197.90486262143017,195.78327462738756,196.52035592822918,43020700
2025-06-17,194.86691284179688,197.60604600468164,194.43861931524052,196.42074594971083,38856200
2025-06-18,195.80320739746094,196.7893008408277,194.2991796996429,195.16573699325735,45394700
2025-06-20,200.20574951171875,200.90298042554332,196.08210930882012,197.45666110928434,96813500
2025-06-23,200.70376586914062,201.50060768152076,198.17380945321412,200.83325703321927,55814300
2025-06-24,199.50851440429688,202.63610603642124,199.4089034764897,201.78945874554142,54064000
2025-06-25,200.76353454589844,202.8651975026319,199.82724651799433,200.65396860223956,39525700
2025-06-26,200.20574951171875,201.8392684520338,198.67184150130464,200.63404307360597,50799100
2025-06-27,200.28541564941406,202.41695863400855,199.20968154525062,201.09221242791352,73188600
2025-06-30,204.3592529296875,206.57048164253425,198.4726031076903,201.211736268348,91912800
2025-07-01,206.99879455566406,209.35942450018746,205.3254252695324,205.85332972802502,78788900
2025-07-02,211.6005401611328,212.49697770796604,207.31752868499885,208.08449026524102,67941800
2025-07-03,212.70616149902344,213.80180573654258,210.97303162710094,211.31168447150716,34955800
2025-07-07,209.12037658691406,215.37555986284275,207.97492690746134,211.83958469799765,50229000
2025-07-08,209.18011474609375,210.59450162142676,207.6262817055446,209.26977065111936,42848900
2025-07-09,210.3056640625,210.49491569520316,206.40115605631001,208.70202548866368,48749400
2025-07-10,211.57066345214844,212.63642743345136,209.2000631819418,209.67816220166208,44443600
2025-07-11,210.32559204101562,211.29176024279,209.03072603053,209.73792710960444,39765800
2025-07-14,207.7956085205078,210.07656782568804,206.719874444485,209.10042946873696,38840100
2025-07-15,208.28369140625,211.05270487364396,208.09443976951917,208.39325734338402,42296300
2025-07-16,209.3295440673828,211.5606828488181,207.8155461810567,209.4689902412225,47490500
2025-07-17,209.1901092529297,210.9630743588066,208.7618004967043,209.7379389650813,48068100
2025-07-18,210.3455047607422,210.95309492429405,208.87135730762196,210.0367321724359,48974600
2025-07-21,211.640380859375,214.92734394651046,210.79374875413163,211.26189276464606,51377400
2025-07-22,213.5527801513672,214.1006098348481,211.39135685335447,212.29776458434165,46404100
2025-07-23,213.3037872314453,214.29983576430007,211.5706725113145,214.15043456376964,46989300
2025-07-24,212.91529846191406,214.8376797586153,212.68621158769832,213.05474462863134,46022600
2025-07-25,213.03485107421875,214.38947759784276,212.5567368669443,213.85160291428238,40268800
2025-07-28,213.20419311523438,214.00103498726418,212.21809958876685,213.18426788884761,37858000
2025-07-29,210.43515014648438,213.96115480223384,209.9869314052821,213.33363944545516,51411700
2025-07-30,208.2239227294922,211.55072076453234,206.89917652304968,211.06265157316113,45512500
2025-07-31,206.74978637695312,209.01080544085684,206.3414028602417,207.66614913739534,80698400
2025-08-01,201.58030700683594,212.7360475386617,200.7037794341265,210.03674932642843,104434500
2025-08-04,202.5464630126953,207.0585613783641,200.88304868853191,203.70186769022786,75109300
2025-08-05,202.1181640625,204.5285996595603,201.36117265797924,202.59626309701343,44155100
2025-08-06,212.4073486328125,214.5289368613384,204.77761325937152,204.81746371165528,108483100
2025-08-07,219.16053771972656,219.97730473834642,215.7241736307253,218.01508808955717,90224800
2025-08-08,228.4437255859375,230.08719950298993,218.38362983130105,219.95738825778145,113854000
2025-08-11,226.53909301757812,228.91238364576833,224.12592192869855,227.27701087414155,61806100
2025-08-12,229.00213623046875,230.14890113463383,226.42942796921326,227.36676338645532,55626200
2025-08-13,232.6717529296875,234.33703985510917,229.77992501054072,230.4181341091737,69878500
2025-08-14,232.12330627441406,234.4567012802976,230.19875827485632,233.39969406647393,51916300
2025-08-15,230.93666076660156,233.61907447658757,228.69300821277216,233.3398655982593,56038700
2025-08-18,230.23863220214844,232.46233685580373,229.46083388892833,231.04634466466607,37476200
2025-08-19,229.90956115722656,232.2130419457167,228.70298322789472,230.62753117126795,39402600
2025-08-20,225.3723907470703,229.81981519856654,225.13307755654054,229.33119207499826,42263900
2025-08-21,224.26551818847656,225.88095827873425,223.14868274098328,225.63166356522294,30621200
2025-08-22,227.11746215820312,228.44371192910324,224.77410085849388,225.53195134940427,42477800
2025-08-25,226.5191650390625,228.65312729963858,225.59178073979155,225.84107546750252,30983100
2025-08-26,228.6630859375,228.84258604761433,224.05612439304167,226.22996704217394,54575100
2025-08-27,229.83978271484375,230.24861452224957,227.61606269083353,227.96508141122786,31259500
2025-08-28,231.90391540527344,232.7515235304584,228.692998228932,230.16883391080088,38074700
2025-08-29,231.485107421875,232.7216147258446,230.71727541448905,231.85405874294378,39418400
2025-09-02,229.07192993164062,230.19874691737337,226.3296880547272,228.60325464814514,44075600
2025-09-03,237.79725646972656,238.17618932549604,233.69885053091846,236.5408165177042,66427800
2025-09-04,239.10353088378906,239.22318747047024,236.07211403385233,237.7772812570227,47549400
2025-09-05,239.01380920410156,240.63921565449175,237.8171975861315,239.3229322237051,54870400
2025-09-08,237.20892333984375,239.47250850410185,235.6732593017711,238.62491556233425,48999500
2025-09-09,233.6888885498047,238.10638391026913,232.70167593051625,236.33140663047269,66313900
2025-09-10,226.1501922607422,231.76431424305812,225.31256565050364,231.53496736029473,83440800
2025-09-11,229.38107299804688,229.7998863317909,226.01060327291316,226.23996538709508,50208600
2025-09-12,233.40968322753906,233.84842918261825,228.373926506362,228.57335925244223,55824200
2025-09-15,236.03224182128906,237.5180438551372,234.36695488957946,236.33139853346725,42699500
2025-09-16,237.4781494140625,240.53949594661788,235.65332541334,236.51088466190768,63421100
2025-09-17,238.3157958984375,239.42266510979977,237.05934071942244,238.2958480596019,46508000
2025-09-18,237.20892333984375,240.51954939992544,235.98238232851827,239.29302360434258,44249600
2025-09-19,244.8074188232422,245.60516498271895,239.53234916144805,240.5494606794321,163741300
2025-09-22,255.35755920410156,255.9160073848096,247.42002368458668,247.5995237986898,105517400
2025-09-23,253.7122344970703,256.6140289111009,252.86464151383097,255.15815615601056,60275200
2025-09-24,251.59820556640625,255.01853710208397,250.33178410429736,254.49999981420794,42303700
2025-09-25,256.14532470703125,256.4444966190252,250.99989343760635,252.49566170312627,55202100
2025-09-26,254.7393341064453,256.8732963908738,253.06406560531616,253.38317016390945,46076300
2025-09-29,253.7122344970703,254.28063380560434,252.29624220529692,253.8418726304012,40127700
2025-09-30,253.9116668701172,255.1980209495745,252.39595068950493,254.1410137555297,37704300
2025-10-01,254.72933959960938,258.0599285933123,254.21080232618834,254.32049261064776,48713900
2025-10-02,256.40460205078125,257.45162766856953,253.43299812845933,255.85613542550084,42630200
2025-10-03,257.2920837402344,258.5086431914624,253.23357360959045,253.9515436206674,49155600
2025-10-06,255.9658660888672,258.339156849437,254.33049322602108,257.262186546101,44664100
2025-10-07,255.75645446777344,256.6738420114173,254.70939836699205,256.0855101139428,31955800
2025-10-08,257.33197021484375,257.7906639625656,255.3874592951906,255.7963062732735,36496900
2025-10-09,253.32330322265625,257.27213808351553,252.42584836214985,257.08267167133846,38322000
2025-10-10,244.57806396484375,255.6567217403356,243.3116425485481,254.2207817432353,61999100
2025-10-13,246.96133422851562,248.98560621270488,244.86725241658198,248.67648318296307,38142900
2025-10-14,247.07101440429688,248.14796941642882,244.00966795095763,245.90431694508948,35478000
2025-10-15,248.63658142089844,251.10959602979932,246.77186176083558,248.78616738422895,33893600
2025-10-16,246.7519073486328,248.33741809379524,244.43846029169785,247.54965348458146,39777000
2025-10-17,251.5782470703125,252.66518358811555,246.57242016484557,247.3203043073955,49147000
2025-10-20,261.50018310546875,263.63416054313814,254.90884523128253,255.168106265739,90483000
2025-10-21,262.0286865234375,264.5415968076956,261.0913359303388,261.141213133835,46695900
2025-10-22,257.7209167480469,262.1084981259862,254.70941678507808,261.9090501595624,45015300
2025-10-23,258.8476867675781,259.8847613495841,257.28213901467177,259.206686997747,32754900
2025-10-24,262.07855224609375,263.3848541030092,258.44880663072195,260.4531458541269,38253700
2025-10-27,268.0516357421875,268.3607587413759,263.9033682058253,264.13273028939324,44888200
2025-10-28,268.2410888671875,269.12859257872884,267.39348082722177,268.23110734142335,41534800
2025-10-29,268.93914794921875,270.6443152614699,266.35642794866993,268.5203194424725,51086700
2025-10-30,270.63433837890625,273.36662916750566,267.72259312931254,271.2226702585742,69886500
2025-10-31,269.60723876953125,276.53764389728985,268.4006608909581,276.2085578376442,86167100
2025-11-03,268.2909851074219,270.08592548154905,265.4988962118729,269.6571458353552,50194600
2025-11-04,269.2781982421875,270.72408938596277,266.86501191822913,267.5730004152706,49274800
2025-11-05,269.3778991699219,270.93349568379296,266.17693326929896,267.8521863717013,43683100
2025-11-06,269.0089416503906,272.6287059365568,267.1342708755924,267.1342708755924,51204000
2025-11-07,267.7126159667969,271.5218466038475,266.0173996929098,269.03885049148494,48227400
2025-11-10,268.9303283691406,273.2223721938244,266.9639805623884,268.46119877683986,41312400
2025-11-11,274.73956298828125,275.3983427074405,269.2996575494418,269.3096487524697,46208300
2025-11-12,272.962890625,275.2187095291286,271.19618380015726,274.49005224267427,48398000
2025-11-13,272.4438171386719,276.1868626363035,271.58539619817094,273.6016390736082,49602800
2025-11-14,271.90484619140625,275.4482508823214,269.10005949599775,270.5473523374902,47431300
2025-11-17,266.9639892578125,269.98836893107386,265.237217022597,268.3214829895084,45018300
2025-11-18,266.94403076171875,270.20795552947055,264.8279672087311,269.48928956232544,45677300
2025-11-19,268.0619812011719,271.70520656667077,265.0076580872151,265.0376012369211,40424500
2025-11-20,265.7562561035156,274.91922505965954,265.42688147061517,270.327749378444,45823600
2025-11-21,270.98651123046875,272.8230952896135,265.17732758833057,265.4568071090486,59030800
2025-11-24,275.4083557128906,276.48633959077114,270.397645153795,270.397645153795,65585800
2025-11-25,276.45635986328125,279.8600396675645,274.7395483878858,274.75950033189645,46914200
2025-11-26,277.0353088378906,279.0116481613461,276.11703191175064,276.4464065684995,33431400
2025-11-28,278.3328857421875,278.4826014787427,275.4781737009374,276.7458380127342,20135600
2025-12-01,282.57501220703125,282.89442609469603,275.62792768573877,277.4944549964911,46587700
2025-12-02,285.6592712402344,286.86701880065203,282.10587559562896,282.47518456741903,53669500
2025-12-03,283.623046875,288.0847586222564,282.77461708045536,285.6692634925469,43538700
2025-12-04,280.179443359375,284.20196835267484,278.07334059490756,283.5731318378766,43989100
2025-12-05,278.26300048828125,280.6186397013617,277.53434330937836,280.01974631085085,47265800
2025-12-08,277.3746643066406,279.15136205700173,275.6378704438954,277.6142094762677,38211800
2025-12-09,276.6659851074219,279.5107061083118,276.4064879695729,277.6441787437343,32193300
2025-12-10,278.26300048828125,279.2312028389952,275.92734368017386,277.23491184461454,33038300
2025-12-11,277.514404296875,279.07150890817053,273.3022288840155,278.5824273392719,33248000
2025-12-12,277.763916015625,278.70217518025987,276.30663218031253,277.38461586894516,39532900
2025-12-15,273.6016540527344,279.63046152672615,272.33402020742307,279.63046152672615,50409100
2025-12-16,274.1007385253906,274.9891026980292,271.2859911871425,272.3140798989353,37648600
2025-12-17,271.33587646484375,275.6478724530811,271.13626563598973,274.50001118897205,50138700
2025-12-18,271.68524169921875,273.12257373871984,266.4549687260805,273.1025913325419,51630700
2025-12-19,273.1625061035156,274.09077415448866,269.399477884542,271.6453053723066,144632000
2025-12-22,270.4674987792969,273.37210596231955,270.00836035897595,272.3539780142796,36571800
2025-12-23,271.85491943359375,271.99467443806464,269.06012395403746,270.3377490962612,29642000
2025-12-24,273.3022155761719,274.9192064044749,271.69521595033444,271.8349404799371,17910600
2025-12-26,272.89300537109375,274.8593534534055,272.35399820928086,273.65160578690546,21521800
2025-12-29,273.2523498535156,273.8512128461511,271.8449608988494,272.1843267483383,23715200
2025-12-30,272.57354736328125,273.57169281796894,271.77504318392386,272.30405905646904,22139600
2025-12-31,271.3558349609375,273.17246717497864,271.24605357156486,272.553621806917,27293600
